age,years_prior_work_experience,self_rated_it_proficiency,training_attendance_rate,modules_completed_pct,avg_time_per_module_minutes,engagement_score,sdt_autonomy_1,sdt_autonomy_2,sdt_autonomy_3,sdt_competence_1,sdt_competence_2,sdt_competence_3,sdt_relatedness_1,sdt_relatedness_2,sdt_relatedness_3,perceived_content_difficulty,perceived_workload,perceived_supervisor_support,self_rated_confidence,self_reported_quiz_score,sdt_autonomy_score,sdt_competence_score,sdt_relatedness_score,gender_Male,highest_education_Master's,highest_education_Professional Cert,bank_name_AccessBank,bank_name_Ecobank,bank_name_GCB,bank_name_Other,bank_name_Stanbic,it_related_degree_Yes,prior_cyber_certification_Yes,prior_cyber_training_Yes,at_risk
22,1,4,81.3,57.2,45.6,4,4,5,3,2,4,3,4,2,3,3,5,4.0,3,53.8,4.0,3.0,3.0,1.0,1.0,0.0,0.0,0.0,0.0,0.0,1.0,1.0,0.0,1.0,1
21,0,1,62.7,53.7,53.7,3,3,2,3,2,4,4,4,3,3,4,3,2.0,3,69.4,2.6666666666666665,3.333333333333333,3.333333333333333,1.0,0.0,0.0,1.0,0.0,0.0,0.0,0.0,1.0,0.0,0.0,1
23,1,5,83.4,79.9,54.7,4,4,4,4,4,3,4,3,4,3,3,2,2.0,4,79.3,4.0,3.6666666666666665,3.333333333333333,1.0,1.0,0.0,1.0,0.0,0.0,0.0,0.0,1.0,0.0,1.0,1
24,0,4,59.1,41.3,46.4,3,3,3,5,3,3,2,2,3,3,3,4,3.0,2,63.4,3.6666666666666665,2.6666666666666665,2.6666666666666665,1.0,0.0,0.0,0.0,1.0,0.0,0.0,0.0,0.0,0.0,0.0,1
25,3,3,72.5,75.6,37.5,3,4,6,6,7,5,7,4,6,5,3,2,4.0,4,77.8,5.333333333333333,6.333333333333333,5.0,1.0,0.0,0.0,0.0,0.0,1.0,0.0,0.0,0.0,0.0,0.0,0
21,1,3,67.4,55.5,36.8,3,4,4,3,3,5,5,3,3,4,2,3,2.0,3,58.7,3.6666666666666665,4.333333333333333,3.333333333333333,0.0,0.0,0.0,0.0,0.0,0.0,0.0,0.0,0.0,0.0,1.0,1
26,2,4,76.2,64.9,31.8,4,4,7,5,5,6,7,5,5,7,1,3,3.0,4,72.3,5.333333333333333,6.0,5.666666666666667,0.0,0.0,0.0,0.0,1.0,0.0,0.0,0.0,0.0,0.0,0.0,0
27,3,4,68.7,57.2,49.6,3,4,4,3,3,4,5,3,4,3,3,4,2.0,2,62.1,3.6666666666666665,4.0,3.333333333333333,0.0,0.0,0.0,0.0,0.0,0.0,0.0,0.0,0.0,0.0,1.0,0
23,3,2,67.6,73.6,47.5,4,4,4,4,5,5,5,4,4,6,4,3,3.0,4,52.1,4.0,5.0,4.666666666666667,0.0,0.0,1.0,0.0,0.0,0.0,1.0,0.0,0.0,0.0,0.0,0
27,1,5,84.6,70.0,36.7,5,5,5,4,6,5,5,3,4,3,3,2,4.0,3,70.2,4.666666666666667,5.333333333333333,3.333333333333333,0.0,1.0,0.0,0.0,0.0,0.0,0.0,1.0,1.0,0.0,0.0,0
23,3,3,67.3,65.8,28.1,2,2,2,3,4,2,2,2,5,1,5,4,3.0,3,74.6,2.333333333333333,2.6666666666666665,2.6666666666666665,1.0,0.0,0.0,0.0,0.0,0.0,0.0,0.0,0.0,1.0,1.0,1
23,1,4,63.2,63.0,45.3,2,4,4,4,2,4,4,4,5,4,3,3,3.0,2,66.6,4.0,3.333333333333333,4.333333333333333,1.0,0.0,0.0,1.0,0.0,0.0,0.0,0.0,0.0,0.0,1.0,0
28,3,2,78.7,53.3,44.7,4,5,4,3,5,6,6,3,4,6,2,1,4.0,4,67.4,4.0,5.666666666666667,4.333333333333333,0.0,0.0,0.0,0.0,0.0,1.0,0.0,0.0,0.0,0.0,1.0,0
21,0,1,70.8,79.2,28.8,3,6,5,6,5,5,6,6,5,5,3,2,4.0,4,92.0,5.666666666666667,5.333333333333333,5.333333333333333,1.0,0.0,0.0,0.0,1.0,0.0,0.0,0.0,0.0,0.0,0.0,0
26,1,5,73.3,52.2,47.7,3,3,3,4,4,3,3,3,5,3,3,4,2.0,2,64.7,3.333333333333333,3.333333333333333,3.6666666666666665,0.0,0.0,0.0,0.0,0.0,0.0,0.0,0.0,0.0,0.0,0.0,1
23,2,1,56.7,46.1,34.5,2,3,2,4,3,3,2,5,3,3,2,3,3.0,3,73.1,3.0,2.6666666666666665,3.6666666666666665,1.0,0.0,0.0,0.0,0.0,0.0,0.0,1.0,0.0,0.0,1.0,0
28,3,1,86.6,84.3,52.1,4,4,5,6,5,5,3,5,5,5,2,4,2.0,4,77.2,5.0,4.333333333333333,5.0,0.0,0.0,1.0,0.0,0.0,0.0,1.0,0.0,0.0,1.0,0.0,0
23,2,2,58.0,66.0,69.7,3,4,4,2,4,3,6,3,3,6,4,4,3.0,3,62.5,3.333333333333333,4.333333333333333,4.0,0.0,0.0,0.0,1.0,0.0,0.0,0.0,0.0,1.0,1.0,1.0,1
26,3,1,72.8,49.7,62.3,2,3,3,2,2,3,3,2,2,3,4,4,2.0,2,63.9,2.6666666666666665,2.6666666666666665,2.333333333333333,1.0,0.0,0.0,0.0,0.0,1.0,0.0,0.0,0.0,0.0,0.0,1
24,3,5,70.1,69.4,64.1,2,3,2,4,5,3,4,3,3,5,3,4,2.0,2,63.3,3.0,4.0,3.6666666666666665,1.0,0.0,0.0,0.0,0.0,1.0,0.0,0.0,0.0,0.0,0.0,1
22,1,2,70.2,74.2,44.7,5,5,5,5,5,5,4,4,4,6,2,3,4.0,3,75.5,5.0,4.666666666666667,4.666666666666667,0.0,0.0,0.0,1.0,0.0,0.0,0.0,0.0,1.0,0.0,1.0,0
25,1,2,83.0,81.4,61.6,5,6,7,7,6,6,6,5,3,5,2,1,4.0,5,84.2,6.666666666666667,6.0,4.333333333333333,0.0,0.0,0.0,0.0,1.0,0.0,0.0,0.0,0.0,0.0,1.0,0
25,2,4,66.2,62.0,45.2,2,3,4,3,4,2,5,4,3,3,3,3,4.0,2,59.1,3.333333333333333,3.6666666666666665,3.333333333333333,1.0,0.0,0.0,0.0,0.0,0.0,0.0,0.0,1.0,0.0,1.0,0
23,1,4,68.9,81.7,46.4,3,5,6,4,6,7,6,4,5,5,1,4,4.0,4,70.2,5.0,6.333333333333333,4.666666666666667,1.0,1.0,0.0,0.0,1.0,0.0,0.0,0.0,1.0,0.0,0.0,0
27,3,1,62.4,50.1,53.1,2,3,4,5,3,4,3,5,5,1,3,3,3.0,1,78.5,4.0,3.333333333333333,3.6666666666666665,1.0,0.0,0.0,0.0,1.0,0.0,0.0,0.0,0.0,0.0,1.0,1
27,3,1,65.5,63.2,40.1,3,2,3,3,3,6,3,2,4,4,4,4,3.0,1,64.5,2.6666666666666665,4.0,3.333333333333333,1.0,0.0,0.0,0.0,0.0,0.0,0.0,1.0,0.0,0.0,1.0,0
23,2,2,67.7,46.8,43.8,2,5,3,5,5,2,3,3,5,5,3,2,3.0,3,62.0,4.333333333333333,3.333333333333333,4.333333333333333,1.0,0.0,0.0,0.0,0.0,0.0,0.0,0.0,0.0,0.0,0.0,0
21,1,1,42.8,20.0,65.1,1,2,1,4,1,2,2,1,1,1,4,3,1.0,1,70.2,2.333333333333333,1.6666666666666667,1.0,1.0,1.0,0.0,0.0,0.0,1.0,0.0,0.0,1.0,1.0,0.0,1
29,0,2,91.1,73.3,23.2,4,5,6,5,7,6,4,5,7,5,1,4,2.0,5,85.2,5.333333333333333,5.666666666666667,5.666666666666667,1.0,0.0,0.0,0.0,1.0,0.0,0.0,0.0,0.0,0.0,0.0,0
29,2,4,78.8,52.3,54.7,2,4,3,3,3,5,3,3,3,3,4,4,1.0,4,60.3,3.333333333333333,3.6666666666666665,3.0,1.0,0.0,0.0,0.0,0.0,0.0,0.0,0.0,0.0,0.0,0.0,1
25,0,4,72.8,73.8,57.7,4,5,5,3,5,5,4,5,5,5,3,2,3.0,4,50.7,4.333333333333333,4.666666666666667,5.0,1.0,0.0,0.0,0.0,0.0,0.0,0.0,1.0,1.0,0.0,0.0,0
24,2,5,57.0,48.5,42.2,2,3,4,4,4,4,4,3,3,4,4,3,2.0,4,61.1,3.6666666666666665,4.0,3.333333333333333,0.0,0.0,0.0,0.0,0.0,0.0,0.0,1.0,1.0,0.0,0.0,1
29,1,2,88.0,61.9,46.0,3,3,4,3,6,3,4,4,3,4,4,4,3.0,4,64.1,3.333333333333333,4.333333333333333,3.6666666666666665,1.0,0.0,0.0,0.0,0.0,0.0,1.0,0.0,1.0,0.0,0.0,1
21,2,3,66.5,64.4,39.7,3,6,3,3,5,4,3,3,3,4,2,3,2.0,4,71.0,4.0,4.0,3.333333333333333,0.0,0.0,0.0,0.0,0.0,0.0,0.0,0.0,0.0,1.0,0.0,0
28,0,1,61.0,60.5,54.7,2,5,3,4,4,4,4,3,3,2,3,3,4.0,3,64.1,4.0,4.0,2.6666666666666665,1.0,0.0,0.0,0.0,0.0,1.0,0.0,0.0,0.0,0.0,1.0,0
23,2,5,69.5,75.1,32.9,4,3,5,5,4,5,4,5,5,4,3,2,3.0,2,59.1,4.333333333333333,4.333333333333333,4.666666666666667,0.0,0.0,0.0,0.0,0.0,0.0,0.0,0.0,1.0,0.0,0.0,0
27,1,2,77.4,89.0,45.6,4,3,5,3,3,4,6,5,4,2,5,3,4.0,2,65.3,3.6666666666666665,4.333333333333333,3.6666666666666665,0.0,0.0,0.0,0.0,1.0,0.0,0.0,0.0,0.0,0.0,0.0,0
27,2,4,73.1,73.0,45.6,3,4,2,5,2,6,4,5,3,5,4,4,3.0,3,72.0,3.6666666666666665,4.0,4.333333333333333,0.0,0.0,0.0,1.0,0.0,0.0,0.0,0.0,0.0,0.0,0.0,0
25,0,2,60.6,75.4,50.5,2,2,4,2,5,2,2,3,4,4,3,4,2.0,3,57.9,2.6666666666666665,3.0,3.6666666666666665,1.0,0.0,0.0,0.0,0.0,0.0,0.0,0.0,0.0,1.0,0.0,1
26,1,3,66.9,61.2,66.1,2,2,3,4,4,1,3,3,4,4,4,2,2.0,2,51.6,3.0,2.6666666666666665,3.6666666666666665,0.0,0.0,0.0,0.0,0.0,1.0,0.0,0.0,1.0,0.0,1.0,0
27,0,2,81.2,63.3,45.1,4,4,5,2,5,4,3,5,3,5,4,3,2.0,3,74.5,3.6666666666666665,4.0,4.333333333333333,0.0,0.0,0.0,0.0,0.0,1.0,0.0,0.0,0.0,0.0,0.0,0
25,3,4,78.0,67.0,43.9,3,4,6,4,5,5,3,4,5,3,3,2,4.0,4,64.8,4.666666666666667,4.333333333333333,4.0,0.0,0.0,0.0,0.0,0.0,0.0,0.0,0.0,0.0,0.0,1.0,0
24,3,5,83.5,60.6,45.9,2,3,2,6,3,4,3,4,1,3,3,4,2.0,3,62.9,3.6666666666666665,3.333333333333333,2.6666666666666665,0.0,1.0,0.0,0.0,0.0,0.0,0.0,0.0,1.0,0.0,0.0,0
25,2,3,63.0,50.1,57.4,1,1,2,3,1,2,3,4,3,3,5,4,2.0,2,46.8,2.0,2.0,3.333333333333333,1.0,0.0,0.0,0.0,0.0,0.0,1.0,0.0,0.0,0.0,0.0,1
23,3,1,80.2,92.6,49.4,3,4,5,3,5,7,5,6,5,5,3,3,3.0,3,82.2,4.0,5.666666666666667,5.333333333333333,1.0,1.0,0.0,0.0,0.0,1.0,0.0,0.0,1.0,0.0,1.0,0
24,3,5,70.2,66.3,38.2,2,6,4,3,3,4,4,4,4,4,3,2,3.0,2,77.8,4.333333333333333,3.6666666666666665,4.0,1.0,0.0,0.0,0.0,0.0,0.0,1.0,0.0,0.0,0.0,0.0,1
23,0,5,52.4,64.3,57.9,2,2,2,5,2,5,2,2,2,3,5,5,3.0,2,56.7,3.0,3.0,2.333333333333333,0.0,0.0,0.0,1.0,0.0,0.0,0.0,0.0,0.0,0.0,0.0,1
25,0,2,73.6,68.0,40.5,2,2,3,3,3,3,4,4,5,1,4,4,3.0,3,67.6,2.6666666666666665,3.333333333333333,3.333333333333333,1.0,0.0,0.0,0.0,0.0,0.0,1.0,0.0,0.0,0.0,0.0,1
28,2,2,50.4,65.5,32.6,2,4,5,4,1,3,5,2,4,4,3,3,3.0,2,63.3,4.333333333333333,3.0,3.333333333333333,1.0,1.0,0.0,0.0,0.0,1.0,0.0,0.0,1.0,0.0,1.0,0
22,1,2,67.4,75.3,24.6,2,6,4,4,4,5,4,3,5,4,3,2,5.0,2,74.2,4.666666666666667,4.333333333333333,4.0,0.0,0.0,0.0,0.0,0.0,0.0,0.0,0.0,0.0,0.0,1.0,0
24,2,5,92.4,100.0,16.5,5,7,7,7,7,7,7,6,6,7,1,1,5.0,5,92.1,7.0,7.0,6.333333333333333,1.0,0.0,0.0,0.0,1.0,0.0,0.0,0.0,0.0,0.0,1.0,0
29,0,3,60.2,61.7,50.1,4,3,3,3,4,5,3,4,3,4,3,3,2.0,3,71.0,3.0,4.0,3.6666666666666665,0.0,0.0,0.0,1.0,0.0,0.0,0.0,0.0,0.0,0.0,0.0,0
29,1,5,57.5,55.5,61.5,3,3,4,5,3,4,4,3,4,5,3,4,1.0,3,74.4,4.0,3.6666666666666665,4.0,1.0,0.0,0.0,1.0,0.0,0.0,0.0,0.0,0.0,0.0,1.0,0
22,1,1,67.3,53.3,60.7,3,3,4,3,4,4,5,4,4,3,4,2,2.0,3,49.8,3.333333333333333,4.333333333333333,3.6666666666666665,1.0,1.0,0.0,0.0,0.0,0.0,0.0,1.0,1.0,0.0,0.0,1
25,0,5,72.7,71.1,34.0,2,4,5,4,4,6,4,6,5,4,3,3,3.0,3,70.8,4.333333333333333,4.666666666666667,5.0,1.0,0.0,0.0,0.0,0.0,1.0,0.0,0.0,0.0,0.0,0.0,0
25,0,3,58.0,87.0,44.7,3,4,4,3,6,3,4,5,4,7,3,2,3.0,3,92.3,3.6666666666666665,4.333333333333333,5.333333333333333,1.0,0.0,0.0,0.0,0.0,0.0,0.0,0.0,0.0,0.0,1.0,0
26,1,1,67.8,74.9,54.2,4,6,4,5,7,7,5,3,6,4,2,2,4.0,4,71.3,5.0,6.333333333333333,4.333333333333333,0.0,0.0,0.0,0.0,0.0,0.0,0.0,1.0,0.0,0.0,0.0,0
22,3,1,48.4,51.9,56.5,3,1,1,1,2,1,2,2,4,2,5,4,3.0,2,47.7,1.0,1.6666666666666667,2.6666666666666665,0.0,1.0,0.0,0.0,1.0,0.0,0.0,0.0,1.0,0.0,1.0,1
23,2,1,75.1,76.4,48.7,4,4,4,3,6,6,4,3,4,5,4,3,1.0,3,71.9,3.6666666666666665,5.333333333333333,4.0,0.0,1.0,0.0,0.0,0.0,0.0,0.0,1.0,0.0,1.0,0.0,1
21,2,5,61.2,66.7,48.8,2,4,3,4,2,2,2,2,4,2,4,3,3.0,2,63.7,3.6666666666666665,2.0,2.6666666666666665,1.0,1.0,0.0,0.0,0.0,1.0,0.0,0.0,0.0,0.0,0.0,0
22,2,5,79.1,88.0,36.4,4,4,6,6,6,6,7,6,6,4,2,3,4.0,3,71.5,5.333333333333333,6.333333333333333,5.333333333333333,0.0,0.0,0.0,0.0,0.0,1.0,0.0,0.0,0.0,1.0,0.0,0
24,1,5,72.3,44.6,51.7,3,4,3,3,3,1,2,4,3,2,3,4,3.0,2,44.4,3.333333333333333,2.0,3.0,0.0,0.0,0.0,0.0,1.0,0.0,0.0,0.0,1.0,0.0,0.0,0
25,0,2,61.9,67.3,39.5,4,5,3,3,3,3,4,3,6,3,2,4,2.0,2,64.2,3.6666666666666665,3.333333333333333,4.0,0.0,0.0,1.0,0.0,0.0,1.0,0.0,0.0,0.0,1.0,1.0,1
23,3,5,73.8,70.6,33.9,4,5,2,4,4,3,5,4,4,4,3,4,3.0,3,84.4,3.6666666666666665,4.0,4.0,0.0,1.0,0.0,1.0,0.0,0.0,0.0,0.0,0.0,0.0,0.0,0
27,3,3,68.9,69.7,65.1,3,3,3,3,4,4,6,4,3,4,2,3,3.0,4,52.5,3.0,4.666666666666667,3.6666666666666665,1.0,1.0,0.0,0.0,0.0,0.0,0.0,1.0,1.0,0.0,0.0,1
29,2,3,69.0,63.4,39.2,3,6,4,6,6,4,5,4,5,6,2,2,3.0,3,75.7,5.333333333333333,5.0,5.0,0.0,1.0,0.0,1.0,0.0,0.0,0.0,0.0,0.0,0.0,0.0,1
25,3,1,73.0,72.5,53.2,4,5,5,4,6,6,6,4,3,5,2,2,4.0,4,66.7,4.666666666666667,6.0,4.0,0.0,0.0,0.0,0.0,0.0,0.0,0.0,0.0,0.0,0.0,0.0,0
29,2,5,72.7,68.5,43.7,2,4,3,4,4,3,7,4,4,5,3,3,4.0,3,77.2,3.6666666666666665,4.666666666666667,4.333333333333333,0.0,0.0,0.0,1.0,0.0,0.0,0.0,0.0,1.0,1.0,0.0,1
21,0,4,47.1,58.4,51.1,1,5,5,4,4,4,5,4,5,3,4,5,3.0,3,55.7,4.666666666666667,4.333333333333333,4.0,0.0,0.0,0.0,0.0,0.0,1.0,0.0,0.0,0.0,0.0,1.0,0
25,3,2,66.4,56.0,43.7,3,3,5,2,3,3,3,3,4,3,4,2,3.0,2,55.0,3.333333333333333,3.0,3.333333333333333,1.0,1.0,0.0,0.0,1.0,0.0,0.0,0.0,0.0,0.0,1.0,1
21,1,2,74.6,80.9,28.8,4,4,6,5,6,6,6,3,5,4,1,2,4.0,4,66.8,5.0,6.0,4.0,0.0,1.0,0.0,0.0,0.0,0.0,1.0,0.0,0.0,1.0,0.0,0
24,0,4,77.6,45.4,42.4,3,5,4,3,4,4,3,4,3,4,3,3,3.0,3,69.2,4.0,3.6666666666666665,3.6666666666666665,1.0,0.0,0.0,0.0,0.0,0.0,0.0,1.0,1.0,0.0,0.0,0
25,1,5,78.5,76.7,41.6,4,5,5,6,5,7,5,4,5,6,3,1,3.0,5,88.1,5.333333333333333,5.666666666666667,5.0,0.0,0.0,0.0,0.0,0.0,0.0,1.0,0.0,1.0,0.0,0.0,0
26,2,2,91.0,96.3,48.1,2,3,5,5,7,7,4,5,6,6,2,2,4.0,4,73.5,4.333333333333333,6.0,5.666666666666667,0.0,0.0,0.0,0.0,0.0,0.0,0.0,0.0,0.0,0.0,1.0,0
25,1,5,78.4,62.2,67.9,3,3,5,3,5,4,5,4,6,4,1,2,4.0,4,86.1,3.6666666666666665,4.666666666666667,4.666666666666667,1.0,0.0,0.0,1.0,0.0,0.0,0.0,0.0,1.0,0.0,0.0,1
26,0,1,58.7,35.3,42.6,2,1,1,1,1,2,4,4,3,2,5,4,4.0,3,40.0,1.0,2.333333333333333,3.0,0.0,0.0,0.0,1.0,0.0,0.0,0.0,0.0,1.0,0.0,1.0,1
26,0,5,84.6,79.3,25.1,4,5,5,5,6,7,5,6,3,6,2,3,4.0,4,81.8,5.0,6.0,5.0,0.0,0.0,0.0,0.0,0.0,1.0,0.0,0.0,0.0,0.0,0.0,0
24,1,4,56.9,62.0,41.9,4,4,4,5,2,3,3,4,3,6,3,3,4.0,4,55.6,4.333333333333333,2.6666666666666665,4.333333333333333,1.0,1.0,0.0,0.0,1.0,0.0,0.0,0.0,1.0,1.0,1.0,0
26,3,3,82.1,81.8,44.7,4,4,5,6,6,3,5,4,4,3,1,3,3.0,5,70.9,5.0,4.666666666666667,3.6666666666666665,0.0,0.0,0.0,0.0,0.0,0.0,0.0,0.0,0.0,0.0,0.0,0
26,3,2,76.2,62.2,31.7,4,4,3,3,6,5,5,4,5,6,1,2,3.0,3,71.6,3.333333333333333,5.333333333333333,5.0,1.0,1.0,0.0,0.0,0.0,0.0,1.0,0.0,1.0,0.0,0.0,0
29,0,4,78.0,81.4,44.9,4,5,4,6,6,6,5,6,4,5,1,2,3.0,4,64.2,5.0,5.666666666666667,5.0,1.0,0.0,0.0,0.0,0.0,0.0,0.0,0.0,0.0,0.0,0.0,1
28,1,3,68.6,44.7,56.7,3,2,3,3,4,4,3,5,3,4,3,3,5.0,3,65.7,2.6666666666666665,3.6666666666666665,4.0,1.0,1.0,0.0,0.0,0.0,1.0,0.0,0.0,0.0,0.0,0.0,0
29,2,2,53.0,69.6,44.7,3,3,4,2,1,2,4,4,3,3,3,3,3.0,2,63.4,3.0,2.333333333333333,3.333333333333333,0.0,0.0,0.0,0.0,0.0,1.0,0.0,0.0,0.0,0.0,0.0,0
29,1,3,62.6,32.3,40.6,2,3,4,3,2,2,2,2,3,2,4,3,2.0,4,51.5,3.333333333333333,2.0,2.333333333333333,1.0,0.0,0.0,0.0,0.0,0.0,0.0,1.0,0.0,0.0,0.0,0
23,1,2,68.4,36.9,48.8,3,3,3,4,2,4,2,3,3,4,5,4,4.0,3,80.4,3.333333333333333,2.6666666666666665,3.333333333333333,0.0,1.0,0.0,0.0,0.0,0.0,0.0,0.0,0.0,0.0,0.0,1
27,2,3,83.7,83.2,43.8,5,5,4,5,6,6,6,3,2,5,2,3,3.0,4,77.9,4.666666666666667,6.0,3.333333333333333,1.0,0.0,0.0,0.0,0.0,0.0,0.0,0.0,0.0,0.0,1.0,0
25,1,1,86.3,92.6,38.1,4,7,6,7,5,6,5,7,5,7,1,2,4.0,4,74.5,6.666666666666667,5.333333333333333,6.333333333333333,0.0,1.0,0.0,1.0,0.0,0.0,0.0,0.0,0.0,0.0,0.0,0
22,1,5,62.9,60.8,47.3,3,4,4,4,2,3,3,4,4,3,2,3,2.0,4,63.0,4.0,2.6666666666666665,3.6666666666666665,1.0,0.0,0.0,0.0,0.0,0.0,1.0,0.0,0.0,0.0,0.0,1
27,2,5,56.7,38.6,53.0,1,2,4,4,2,3,2,3,3,2,4,2,2.0,2,46.2,3.333333333333333,2.333333333333333,2.6666666666666665,1.0,0.0,1.0,1.0,0.0,0.0,0.0,0.0,0.0,0.0,0.0,1
26,2,4,73.7,64.8,39.3,3,3,5,5,2,4,5,2,3,3,3,2,3.0,3,81.7,4.333333333333333,3.6666666666666665,2.6666666666666665,0.0,0.0,0.0,0.0,0.0,0.0,0.0,0.0,1.0,0.0,1.0,1
28,0,3,69.0,48.3,55.7,3,3,4,3,4,3,3,3,5,4,5,2,2.0,1,70.7,3.333333333333333,3.333333333333333,4.0,1.0,1.0,0.0,1.0,0.0,0.0,0.0,0.0,0.0,0.0,0.0,1
28,3,2,60.3,52.8,51.9,3,1,2,4,4,4,3,3,3,3,3,4,2.0,1,72.3,2.333333333333333,3.6666666666666665,3.0,0.0,0.0,0.0,0.0,0.0,1.0,0.0,0.0,0.0,0.0,1.0,0
26,1,2,78.8,61.9,25.9,4,5,5,6,4,6,5,4,4,3,3,3,3.0,3,60.8,5.333333333333333,5.0,3.6666666666666665,1.0,0.0,0.0,1.0,0.0,0.0,0.0,0.0,1.0,0.0,0.0,0
28,2,2,55.2,64.0,62.0,3,3,4,4,3,4,3,4,3,3,4,4,3.0,3,82.5,3.6666666666666665,3.333333333333333,3.333333333333333,1.0,0.0,0.0,0.0,0.0,0.0,1.0,0.0,1.0,0.0,0.0,1
22,3,3,66.0,50.0,44.7,2,4,4,2,5,2,3,5,3,3,2,3,3.0,3,66.1,3.333333333333333,3.333333333333333,3.6666666666666665,0.0,0.0,0.0,0.0,0.0,0.0,0.0,0.0,0.0,0.0,0.0,0
28,1,5,68.4,58.6,34.5,4,3,3,3,3,4,3,4,4,3,5,3,2.0,3,54.2,3.0,3.333333333333333,3.6666666666666665,0.0,0.0,0.0,0.0,0.0,0.0,0.0,1.0,0.0,0.0,0.0,1
24,3,3,46.5,56.8,53.5,1,3,1,2,3,2,2,3,4,1,4,4,1.0,1,62.7,2.0,2.333333333333333,2.6666666666666665,1.0,0.0,0.0,0.0,0.0,1.0,0.0,0.0,0.0,0.0,0.0,1
22,1,1,61.2,60.5,60.8,3,4,3,7,4,3,5,4,4,4,3,3,4.0,3,75.7,4.666666666666667,4.0,4.0,0.0,0.0,0.0,0.0,0.0,0.0,0.0,1.0,1.0,0.0,0.0,1
26,3,4,63.2,62.5,36.0,3,4,3,4,4,3,4,5,2,3,3,3,3.0,4,69.3,3.6666666666666665,3.6666666666666665,3.333333333333333,0.0,0.0,0.0,0.0,1.0,0.0,0.0,0.0,1.0,0.0,0.0,0
29,0,2,70.5,76.9,41.0,2,4,6,4,4,5,6,5,3,6,3,3,2.0,2,77.1,4.666666666666667,5.0,4.666666666666667,1.0,1.0,0.0,0.0,0.0,0.0,0.0,0.0,0.0,0.0,1.0,1
29,2,3,70.7,54.7,50.2,2,5,2,3,5,5,3,2,2,2,3,4,3.0,1,59.1,3.333333333333333,4.333333333333333,2.0,1.0,0.0,1.0,0.0,0.0,0.0,1.0,0.0,0.0,0.0,0.0,1
24,0,5,68.5,52.4,41.7,3,5,4,5,4,3,4,4,3,4,2,3,2.0,2,81.2,4.666666666666667,3.6666666666666665,3.6666666666666665,1.0,0.0,0.0,0.0,0.0,1.0,0.0,0.0,0.0,0.0,0.0,0
28,2,3,73.2,67.5,53.7,4,4,6,2,4,4,4,5,4,4,4,3,3.0,3,67.7,4.0,4.0,4.333333333333333,0.0,0.0,0.0,0.0,0.0,0.0,0.0,1.0,1.0,0.0,0.0,0
23,0,2,83.9,60.9,54.4,3,1,5,5,6,4,6,6,4,6,2,2,3.0,3,78.6,3.6666666666666665,5.333333333333333,5.333333333333333,1.0,1.0,0.0,0.0,0.0,1.0,0.0,0.0,1.0,0.0,1.0,0
27,0,5,65.4,67.5,34.1,2,4,4,5,4,6,3,2,4,5,3,3,3.0,1,56.2,4.333333333333333,4.333333333333333,3.6666666666666665,0.0,0.0,0.0,0.0,0.0,0.0,1.0,0.0,0.0,0.0,0.0,1
27,1,5,79.7,64.8,31.8,3,4,4,5,4,5,6,4,5,5,2,2,3.0,3,72.6,4.333333333333333,5.0,4.666666666666667,1.0,0.0,0.0,0.0,1.0,0.0,0.0,0.0,1.0,0.0,0.0,0
28,1,5,67.3,38.9,35.5,3,3,1,3,2,2,2,1,2,4,3,4,2.0,3,65.7,2.333333333333333,2.0,2.333333333333333,0.0,0.0,0.0,0.0,0.0,0.0,0.0,0.0,0.0,0.0,0.0,1
27,2,3,70.2,53.7,35.3,3,4,4,4,3,5,4,1,3,3,4,4,2.0,3,70.5,4.0,4.0,2.333333333333333,1.0,0.0,0.0,0.0,0.0,1.0,0.0,0.0,1.0,0.0,0.0,0
25,3,1,62.8,53.1,38.8,2,4,2,3,4,3,1,3,2,4,3,4,4.0,1,56.5,3.0,2.6666666666666665,3.0,1.0,0.0,0.0,0.0,0.0,0.0,1.0,0.0,0.0,0.0,1.0,1
29,2,2,59.9,57.8,37.4,3,4,3,6,5,4,4,6,3,4,3,3,3.0,3,55.8,4.333333333333333,4.333333333333333,4.333333333333333,1.0,1.0,0.0,1.0,0.0,0.0,0.0,0.0,1.0,0.0,1.0,1
25,2,1,78.6,58.4,38.9,3,5,3,5,3,5,4,4,3,4,3,3,3.0,3,61.2,4.333333333333333,4.0,3.6666666666666665,1.0,0.0,0.0,0.0,0.0,0.0,0.0,0.0,0.0,0.0,1.0,0
26,3,4,54.5,68.2,50.4,3,3,4,5,4,3,5,2,4,4,2,3,3.0,3,62.9,4.0,4.0,3.333333333333333,1.0,0.0,0.0,1.0,0.0,0.0,0.0,0.0,0.0,0.0,0.0,0
21,1,2,75.4,80.8,40.7,3,6,4,4,6,4,5,4,4,4,3,3,4.0,4,71.7,4.666666666666667,5.0,4.0,1.0,0.0,0.0,0.0,0.0,1.0,0.0,0.0,1.0,0.0,1.0,0
29,0,2,67.9,45.5,46.6,3,4,6,4,3,3,5,4,5,4,2,3,3.0,2,61.6,4.666666666666667,3.6666666666666665,4.333333333333333,0.0,0.0,0.0,0.0,0.0,1.0,0.0,0.0,0.0,0.0,0.0,0
28,2,4,48.1,63.4,33.0,1,3,1,3,3,2,3,3,4,2,2,4,4.0,3,78.8,2.333333333333333,2.6666666666666665,3.0,1.0,0.0,0.0,0.0,0.0,0.0,0.0,0.0,0.0,0.0,1.0,1
22,1,1,73.9,69.5,29.3,4,5,5,6,6,7,4,5,5,5,2,2,3.0,4,81.7,5.333333333333333,5.666666666666667,5.0,1.0,1.0,0.0,0.0,1.0,0.0,0.0,0.0,0.0,0.0,1.0,0
24,1,1,66.0,51.9,63.4,2,4,2,3,4,5,4,4,5,2,4,3,4.0,5,75.9,3.0,4.333333333333333,3.6666666666666665,0.0,0.0,0.0,0.0,0.0,0.0,0.0,1.0,0.0,0.0,0.0,0
28,1,2,95.3,91.0,24.6,5,5,7,6,7,6,6,5,7,5,2,2,4.0,5,80.3,6.0,6.333333333333333,5.666666666666667,1.0,0.0,0.0,0.0,0.0,0.0,0.0,0.0,1.0,1.0,0.0,1
24,1,4,82.0,62.4,40.0,3,7,4,5,6,5,4,4,3,3,3,4,3.0,4,69.7,5.333333333333333,5.0,3.333333333333333,0.0,1.0,0.0,0.0,0.0,1.0,0.0,0.0,1.0,0.0,0.0,1
21,1,5,51.3,47.2,46.4,3,5,1,4,2,3,3,4,3,3,5,3,3.0,1,50.9,3.333333333333333,2.6666666666666665,3.333333333333333,0.0,0.0,0.0,0.0,0.0,1.0,0.0,0.0,0.0,0.0,0.0,1
25,0,4,77.8,92.6,40.4,5,6,4,6,6,7,4,4,5,6,3,2,4.0,3,74.4,5.333333333333333,5.666666666666667,5.0,1.0,0.0,0.0,0.0,0.0,0.0,1.0,0.0,1.0,0.0,0.0,0
28,0,4,67.1,70.7,42.0,3,6,5,5,5,4,6,6,4,5,1,3,4.0,4,78.1,5.333333333333333,5.0,5.0,0.0,1.0,0.0,0.0,0.0,0.0,0.0,0.0,0.0,0.0,0.0,0
23,0,3,59.8,70.2,30.5,2,2,3,2,3,2,5,2,4,4,3,3,3.0,2,71.2,2.333333333333333,3.333333333333333,3.333333333333333,0.0,1.0,0.0,0.0,0.0,0.0,0.0,0.0,0.0,0.0,0.0,1
25,0,2,71.2,73.2,57.2,5,4,4,5,5,6,5,6,2,4,3,2,3.0,3,85.0,4.333333333333333,5.333333333333333,4.0,0.0,0.0,0.0,0.0,0.0,0.0,1.0,0.0,1.0,1.0,1.0,1
22,0,1,46.0,39.9,61.1,1,1,1,3,1,3,3,4,3,3,4,3,1.0,1,51.7,1.6666666666666667,2.333333333333333,3.333333333333333,0.0,0.0,0.0,0.0,0.0,0.0,0.0,0.0,0.0,0.0,1.0,1
21,1,5,88.5,70.7,46.9,4,7,4,2,3,5,3,2,4,4,3,2,3.0,3,79.6,4.333333333333333,3.6666666666666665,3.333333333333333,0.0,0.0,0.0,0.0,1.0,0.0,0.0,0.0,0.0,0.0,0.0,1
26,2,5,68.8,65.0,51.7,4,4,5,4,4,4,3,5,4,4,3,1,4.0,4,64.5,4.333333333333333,3.6666666666666665,4.333333333333333,1.0,0.0,0.0,0.0,0.0,1.0,0.0,0.0,0.0,0.0,0.0,0
23,1,2,64.8,100.0,45.3,5,4,6,5,6,5,6,5,5,7,2,2,5.0,5,92.4,5.0,5.666666666666667,5.666666666666667,0.0,0.0,0.0,0.0,0.0,0.0,0.0,0.0,0.0,0.0,0.0,0
27,1,4,91.7,100.0,33.1,4,5,6,4,5,5,5,5,5,6,2,2,5.0,4,76.6,5.0,5.0,5.333333333333333,0.0,0.0,0.0,0.0,0.0,0.0,0.0,1.0,0.0,0.0,0.0,0
22,0,3,66.7,53.6,35.8,3,3,4,5,5,4,5,3,5,3,2,3,3.0,3,79.0,4.0,4.666666666666667,3.6666666666666665,0.0,0.0,1.0,0.0,0.0,0.0,1.0,0.0,0.0,0.0,0.0,0
25,0,2,71.7,89.1,56.5,4,5,7,6,5,5,5,6,7,4,3,4,4.0,5,63.3,6.0,5.0,5.666666666666667,1.0,0.0,0.0,0.0,0.0,1.0,0.0,0.0,0.0,0.0,0.0,0
29,1,1,66.1,68.1,49.0,3,4,3,5,3,4,5,5,5,3,2,4,3.0,2,63.8,4.0,4.0,4.333333333333333,1.0,0.0,0.0,0.0,0.0,1.0,0.0,0.0,0.0,0.0,1.0,0
28,2,2,66.5,72.7,73.7,2,5,5,5,3,3,4,4,3,3,4,2,3.0,3,76.5,5.0,3.333333333333333,3.333333333333333,1.0,0.0,0.0,0.0,0.0,0.0,0.0,0.0,0.0,0.0,0.0,1
25,3,3,50.3,37.0,49.8,2,1,3,3,1,1,2,2,4,2,5,5,2.0,1,45.9,2.333333333333333,1.3333333333333333,2.6666666666666665,0.0,0.0,0.0,1.0,0.0,0.0,0.0,0.0,0.0,0.0,1.0,1
25,0,1,85.1,85.1,43.0,3,5,5,7,6,6,7,5,7,5,2,2,3.0,3,89.5,5.666666666666667,6.333333333333333,5.666666666666667,1.0,0.0,0.0,0.0,0.0,1.0,0.0,0.0,1.0,1.0,1.0,0
28,3,2,74.8,52.8,33.6,3,1,4,3,5,4,3,4,4,2,3,3,3.0,3,61.9,2.6666666666666665,4.0,3.333333333333333,1.0,0.0,0.0,0.0,0.0,0.0,1.0,0.0,0.0,0.0,0.0,0
24,0,5,72.2,83.2,44.7,4,6,5,3,4,6,4,4,4,5,3,1,4.0,3,82.1,4.666666666666667,4.666666666666667,4.333333333333333,1.0,0.0,0.0,0.0,0.0,1.0,0.0,0.0,0.0,0.0,0.0,0
29,0,5,94.8,88.3,25.1,5,5,5,6,5,5,7,4,5,4,3,2,2.0,4,78.9,5.333333333333333,5.666666666666667,4.333333333333333,0.0,1.0,0.0,0.0,0.0,0.0,1.0,0.0,0.0,1.0,0.0,0
23,3,3,75.2,50.3,50.8,4,4,5,5,5,5,5,5,5,5,2,3,2.0,4,65.9,4.666666666666667,5.0,5.0,0.0,0.0,0.0,0.0,0.0,1.0,0.0,0.0,1.0,0.0,0.0,0
27,3,4,62.3,60.8,37.9,3,4,4,4,3,4,3,2,5,5,4,2,3.0,3,82.8,4.0,3.333333333333333,4.0,1.0,0.0,1.0,0.0,0.0,0.0,1.0,0.0,0.0,0.0,0.0,0
28,1,1,64.2,68.3,48.8,3,3,3,6,5,7,5,5,4,5,3,2,3.0,3,75.7,4.0,5.666666666666667,4.666666666666667,1.0,0.0,0.0,0.0,0.0,0.0,0.0,1.0,1.0,0.0,0.0,0
25,1,5,76.7,67.7,45.2,3,3,4,4,4,4,3,2,4,5,3,4,4.0,4,68.9,3.6666666666666665,3.6666666666666665,3.6666666666666665,1.0,1.0,0.0,0.0,0.0,1.0,0.0,0.0,0.0,0.0,0.0,0
22,3,5,80.2,72.5,50.7,3,3,4,3,3,3,5,4,3,6,3,3,3.0,4,65.5,3.333333333333333,3.6666666666666665,4.333333333333333,1.0,0.0,0.0,0.0,0.0,0.0,1.0,0.0,1.0,0.0,1.0,0
28,1,4,73.2,62.2,29.4,2,3,4,4,2,3,5,3,7,2,3,4,4.0,2,70.4,3.6666666666666665,3.333333333333333,4.0,0.0,1.0,0.0,0.0,0.0,1.0,0.0,0.0,0.0,0.0,0.0,0
27,0,5,82.5,75.0,33.5,4,5,3,3,5,5,4,4,4,5,2,3,2.0,3,91.0,3.6666666666666665,4.666666666666667,4.333333333333333,1.0,0.0,0.0,0.0,0.0,0.0,1.0,0.0,1.0,0.0,0.0,0
27,3,1,72.4,89.9,32.7,3,4,5,6,7,6,4,4,4,5,2,3,5.0,4,81.4,5.0,5.666666666666667,4.333333333333333,0.0,1.0,0.0,0.0,0.0,0.0,1.0,0.0,0.0,0.0,0.0,0
25,0,1,95.2,84.3,53.0,5,4,6,6,6,4,6,7,5,7,2,3,4.0,4,87.0,5.333333333333333,5.333333333333333,6.333333333333333,1.0,0.0,0.0,0.0,1.0,0.0,0.0,0.0,0.0,0.0,1.0,0
22,1,5,60.1,65.0,50.9,2,1,4,2,2,2,3,3,4,2,4,5,3.0,2,49.5,2.333333333333333,2.333333333333333,3.0,1.0,0.0,0.0,0.0,1.0,0.0,0.0,0.0,1.0,0.0,0.0,1
27,2,1,64.1,60.4,33.5,2,4,4,3,4,3,4,3,3,3,3,4,4.0,3,75.2,3.6666666666666665,3.6666666666666665,3.0,1.0,1.0,0.0,0.0,1.0,0.0,0.0,0.0,0.0,0.0,0.0,0
25,1,5,68.2,64.8,49.5,3,4,4,3,3,1,5,4,3,3,3,4,2.0,2,65.6,3.6666666666666665,3.0,3.333333333333333,0.0,0.0,0.0,0.0,0.0,0.0,1.0,0.0,0.0,0.0,0.0,1
25,1,2,55.6,54.6,65.9,2,2,2,2,2,1,3,4,4,3,4,4,2.0,2,52.4,2.0,2.0,3.6666666666666665,1.0,0.0,0.0,0.0,0.0,0.0,1.0,0.0,0.0,0.0,0.0,1
22,2,5,81.2,91.8,22.9,4,5,5,6,7,7,7,4,5,4,1,1,3.0,4,70.2,5.333333333333333,7.0,4.333333333333333,1.0,0.0,0.0,0.0,0.0,1.0,0.0,0.0,0.0,0.0,0.0,0
29,3,3,72.6,59.2,50.2,3,5,3,6,4,4,3,4,5,5,2,2,3.0,3,76.9,4.666666666666667,3.6666666666666665,4.666666666666667,1.0,0.0,0.0,0.0,0.0,0.0,0.0,0.0,0.0,1.0,1.0,0
26,3,5,64.9,82.8,25.7,3,6,5,3,3,4,6,5,5,3,3,3,4.0,3,74.2,4.666666666666667,4.333333333333333,4.333333333333333,1.0,1.0,0.0,0.0,0.0,0.0,0.0,1.0,0.0,0.0,1.0,0
28,3,5,96.4,66.9,44.8,4,6,3,4,5,4,4,6,6,5,3,3,4.0,5,70.8,4.333333333333333,4.333333333333333,5.666666666666667,1.0,1.0,0.0,0.0,0.0,1.0,0.0,0.0,0.0,0.0,0.0,0
28,0,5,68.6,63.1,41.0,3,5,4,5,6,4,3,5,4,4,2,4,3.0,3,77.6,4.666666666666667,4.333333333333333,4.333333333333333,0.0,0.0,1.0,0.0,0.0,1.0,0.0,0.0,0.0,1.0,1.0,0
25,2,2,76.5,70.4,18.7,3,5,4,5,5,5,5,3,2,4,1,3,5.0,4,60.3,4.666666666666667,5.0,3.0,0.0,0.0,0.0,0.0,1.0,0.0,0.0,0.0,0.0,0.0,0.0,0
29,0,3,60.9,58.0,40.5,3,3,3,5,3,2,3,4,2,5,4,5,2.0,1,67.0,3.6666666666666665,2.6666666666666665,3.6666666666666665,0.0,0.0,0.0,1.0,0.0,0.0,0.0,0.0,0.0,1.0,0.0,1
22,1,1,90.7,74.9,38.6,5,4,6,5,2,6,6,5,6,4,3,3,4.0,4,85.1,5.0,4.666666666666667,5.0,1.0,1.0,0.0,0.0,0.0,0.0,1.0,0.0,0.0,0.0,1.0,0
27,0,1,71.9,72.5,50.9,4,6,4,6,5,7,7,6,4,4,1,3,4.0,4,76.4,5.333333333333333,6.333333333333333,4.666666666666667,1.0,0.0,0.0,0.0,1.0,0.0,0.0,0.0,0.0,0.0,1.0,0
25,1,4,74.0,89.7,43.4,3,5,7,4,2,5,5,3,5,5,2,3,3.0,4,74.1,5.333333333333333,4.0,4.333333333333333,1.0,0.0,0.0,0.0,0.0,0.0,0.0,1.0,0.0,0.0,1.0,1
21,1,1,43.2,39.9,53.5,2,3,3,1,3,4,2,4,3,2,5,3,2.0,3,62.9,2.333333333333333,3.0,3.0,1.0,0.0,0.0,0.0,0.0,0.0,0.0,1.0,1.0,0.0,0.0,1
24,0,5,66.9,63.4,59.2,2,3,3,4,3,4,3,5,5,3,3,3,3.0,2,60.3,3.333333333333333,3.333333333333333,4.333333333333333,1.0,0.0,1.0,0.0,0.0,0.0,1.0,0.0,0.0,1.0,1.0,1
23,1,4,67.7,81.0,32.4,4,5,5,4,5,5,5,5,5,5,3,4,4.0,5,71.3,4.666666666666667,5.0,5.0,0.0,0.0,0.0,0.0,0.0,0.0,0.0,0.0,1.0,0.0,0.0,0
28,1,5,67.8,43.0,44.2,2,3,3,4,3,4,3,4,4,3,3,3,1.0,3,73.6,3.333333333333333,3.333333333333333,3.6666666666666665,1.0,0.0,0.0,0.0,0.0,0.0,0.0,0.0,1.0,0.0,1.0,1
27,2,4,68.9,74.8,44.8,4,4,3,5,5,6,6,4,4,6,2,2,4.0,3,84.4,4.0,5.666666666666667,4.666666666666667,0.0,1.0,0.0,0.0,1.0,0.0,0.0,0.0,1.0,0.0,1.0,0
23,1,4,77.3,68.9,54.4,4,5,5,3,4,6,3,3,6,3,4,2,3.0,5,53.4,4.333333333333333,4.333333333333333,4.0,0.0,0.0,0.0,0.0,0.0,0.0,1.0,0.0,1.0,0.0,0.0,0
22,3,2,85.1,61.9,38.1,3,4,5,4,4,5,4,5,5,5,2,2,3.0,4,85.5,4.333333333333333,4.333333333333333,5.0,1.0,0.0,0.0,0.0,1.0,0.0,0.0,0.0,1.0,0.0,1.0,0
26,1,1,48.7,46.5,54.7,2,2,1,1,2,2,2,2,1,2,3,5,1.0,3,43.7,1.3333333333333333,2.0,1.6666666666666667,1.0,0.0,0.0,0.0,0.0,0.0,0.0,1.0,1.0,0.0,1.0,1
29,1,4,70.2,62.2,28.4,3,4,4,3,5,6,4,6,4,5,2,3,4.0,4,70.4,3.6666666666666665,5.0,5.0,1.0,1.0,0.0,0.0,0.0,0.0,1.0,0.0,0.0,0.0,1.0,1
24,2,2,79.6,73.6,47.4,3,5,2,3,4,4,4,4,5,4,3,3,2.0,4,74.7,3.333333333333333,4.0,4.333333333333333,1.0,1.0,0.0,0.0,0.0,0.0,0.0,0.0,0.0,0.0,0.0,0
21,3,2,84.6,39.9,55.9,3,5,6,3,4,4,5,6,6,4,3,3,3.0,2,82.8,4.666666666666667,4.333333333333333,5.333333333333333,1.0,0.0,0.0,0.0,0.0,0.0,0.0,1.0,0.0,0.0,0.0,0
27,0,1,56.5,46.4,45.6,1,1,2,4,1,1,1,4,5,3,5,5,2.0,2,62.5,2.333333333333333,1.0,4.0,1.0,0.0,0.0,0.0,1.0,0.0,0.0,0.0,1.0,1.0,1.0,1
25,3,1,84.4,57.6,54.2,3,4,3,3,4,4,6,3,5,4,3,3,2.0,4,72.0,3.333333333333333,4.666666666666667,4.0,0.0,1.0,0.0,0.0,0.0,1.0,0.0,0.0,0.0,0.0,0.0,0
29,3,4,83.7,80.4,46.1,3,5,5,5,5,5,6,4,5,3,3,3,4.0,2,82.0,5.0,5.333333333333333,4.0,0.0,1.0,0.0,0.0,1.0,0.0,0.0,0.0,0.0,0.0,0.0,0
22,1,5,40.1,54.8,57.9,1,4,4,2,1,2,2,4,3,1,4,4,1.0,3,73.2,3.333333333333333,1.6666666666666667,2.6666666666666665,1.0,0.0,0.0,0.0,0.0,0.0,0.0,1.0,0.0,0.0,0.0,1
23,0,1,72.5,52.8,55.5,2,3,3,2,3,1,3,3,4,3,3,4,2.0,3,50.8,2.6666666666666665,2.333333333333333,3.333333333333333,0.0,1.0,0.0,0.0,0.0,1.0,0.0,0.0,0.0,0.0,1.0,1
23,1,3,73.2,60.3,44.5,3,6,4,4,4,3,3,5,5,4,3,4,3.0,4,70.2,4.666666666666667,3.333333333333333,4.666666666666667,1.0,0.0,0.0,0.0,0.0,0.0,0.0,1.0,0.0,1.0,0.0,1
28,3,4,59.4,64.3,37.5,3,4,3,3,2,5,3,4,3,3,3,3,3.0,3,58.5,3.333333333333333,3.333333333333333,3.333333333333333,1.0,0.0,0.0,0.0,0.0,0.0,0.0,0.0,0.0,0.0,0.0,0
29,1,2,69.1,77.3,41.2,3,4,3,3,4,3,2,4,4,3,4,4,3.0,3,71.8,3.333333333333333,3.0,3.6666666666666665,1.0,0.0,0.0,0.0,0.0,0.0,1.0,0.0,1.0,0.0,0.0,1
26,0,1,100.0,93.7,50.9,4,7,6,5,5,7,5,6,5,7,1,1,5.0,4,93.0,6.0,5.666666666666667,6.0,0.0,0.0,0.0,0.0,1.0,0.0,0.0,0.0,0.0,0.0,0.0,0
21,2,4,89.0,65.4,48.4,3,5,4,6,2,3,5,4,5,5,4,5,4.0,3,66.4,5.0,3.333333333333333,4.666666666666667,1.0,0.0,0.0,0.0,1.0,0.0,0.0,0.0,1.0,0.0,1.0,1
27,2,1,83.3,70.6,23.8,5,7,6,6,6,4,5,6,5,4,2,2,4.0,4,72.2,6.333333333333333,5.0,5.0,1.0,1.0,0.0,0.0,0.0,1.0,0.0,0.0,0.0,0.0,1.0,0
29,0,1,61.9,76.9,47.3,3,4,4,4,4,3,3,4,4,5,2,2,3.0,2,73.5,4.0,3.333333333333333,4.333333333333333,1.0,0.0,0.0,0.0,0.0,0.0,0.0,0.0,1.0,0.0,0.0,0
21,1,3,75.7,90.9,31.9,5,4,5,7,4,5,4,4,4,7,1,3,3.0,4,93.5,5.333333333333333,4.333333333333333,5.0,0.0,1.0,0.0,0.0,0.0,0.0,1.0,0.0,0.0,0.0,0.0,0
28,1,2,64.9,68.7,27.8,3,5,5,3,5,6,6,3,4,4,2,3,4.0,4,77.5,4.333333333333333,5.666666666666667,3.6666666666666665,1.0,1.0,0.0,1.0,0.0,0.0,0.0,0.0,0.0,0.0,1.0,0
26,1,5,72.4,65.6,53.1,3,2,5,4,3,4,5,4,4,5,4,2,3.0,4,69.8,3.6666666666666665,4.0,4.333333333333333,0.0,1.0,0.0,0.0,0.0,0.0,1.0,0.0,1.0,0.0,1.0,0
28,0,5,68.8,82.0,45.0,2,4,5,5,4,5,5,4,6,3,2,3,3.0,4,69.8,4.666666666666667,4.666666666666667,4.333333333333333,0.0,0.0,0.0,0.0,1.0,0.0,0.0,0.0,0.0,0.0,0.0,0
23,0,3,58.4,42.2,24.7,2,4,4,3,3,2,4,2,3,2,3,2,1.0,2,56.7,3.6666666666666665,3.0,2.333333333333333,0.0,1.0,0.0,0.0,0.0,1.0,0.0,0.0,1.0,1.0,1.0,1
27,2,4,54.1,70.5,57.2,2,5,5,4,4,1,2,2,4,3,4,5,3.0,3,58.1,4.666666666666667,2.333333333333333,3.0,1.0,1.0,0.0,0.0,1.0,0.0,0.0,0.0,1.0,1.0,1.0,1
21,2,1,62.4,54.4,54.6,3,4,3,4,4,2,2,3,3,2,1,2,3.0,3,73.3,3.6666666666666665,2.6666666666666665,2.6666666666666665,1.0,0.0,0.0,0.0,1.0,0.0,0.0,0.0,0.0,0.0,1.0,0
23,1,5,49.3,47.0,41.3,2,5,2,3,2,4,3,4,2,3,4,3,4.0,2,70.3,3.333333333333333,3.0,3.0,1.0,0.0,1.0,0.0,0.0,0.0,0.0,0.0,0.0,0.0,0.0,0
23,2,5,53.9,74.2,34.2,3,3,5,3,2,4,4,3,4,4,4,3,4.0,3,62.1,3.6666666666666665,3.333333333333333,3.6666666666666665,1.0,0.0,0.0,1.0,0.0,0.0,0.0,0.0,0.0,1.0,0.0,0
28,2,1,79.6,88.7,40.6,4,5,4,5,3,5,6,4,5,5,2,3,4.0,5,68.0,4.666666666666667,4.666666666666667,4.666666666666667,1.0,0.0,0.0,0.0,0.0,0.0,1.0,0.0,1.0,0.0,0.0,0
26,3,2,52.9,59.4,53.0,2,2,4,3,4,3,3,3,3,4,3,3,2.0,2,64.3,3.0,3.333333333333333,3.333333333333333,0.0,0.0,0.0,0.0,0.0,0.0,0.0,0.0,0.0,1.0,0.0,0
27,3,5,81.0,68.6,49.2,4,5,4,5,5,6,6,5,6,4,2,3,2.0,3,54.5,4.666666666666667,5.666666666666667,5.0,1.0,0.0,0.0,0.0,0.0,0.0,0.0,0.0,0.0,0.0,0.0,0
21,1,4,65.4,61.5,55.3,3,3,3,1,5,2,3,5,3,2,3,4,3.0,3,64.8,2.333333333333333,3.333333333333333,3.333333333333333,0.0,1.0,0.0,0.0,0.0,0.0,1.0,0.0,0.0,0.0,0.0,0
25,1,1,74.4,81.7,25.4,3,7,5,4,4,6,4,5,6,5,3,5,5.0,5,86.5,5.333333333333333,4.666666666666667,5.333333333333333,1.0,1.0,0.0,0.0,0.0,0.0,1.0,0.0,0.0,0.0,1.0,0
22,0,1,37.6,47.4,46.6,1,1,1,2,1,1,1,1,2,1,4,5,2.0,1,42.0,1.3333333333333333,1.0,1.3333333333333333,1.0,1.0,0.0,0.0,0.0,0.0,0.0,0.0,1.0,0.0,1.0,1
27,2,4,66.7,63.4,54.6,4,4,4,3,4,7,4,4,4,5,2,4,3.0,3,75.9,3.6666666666666665,5.0,4.333333333333333,1.0,0.0,0.0,0.0,1.0,0.0,0.0,0.0,1.0,0.0,0.0,0
22,3,4,75.2,41.7,61.4,2,5,3,6,4,5,5,3,3,3,3,4,3.0,1,55.9,4.666666666666667,4.666666666666667,3.0,1.0,0.0,1.0,0.0,0.0,1.0,0.0,0.0,0.0,0.0,1.0,0
27,2,2,73.8,63.3,57.0,3,5,5,6,3,5,5,5,5,4,3,2,3.0,4,86.1,5.333333333333333,4.333333333333333,4.666666666666667,0.0,0.0,0.0,1.0,0.0,0.0,0.0,0.0,0.0,0.0,1.0,0
26,2,4,43.7,40.2,44.7,1,1,4,1,2,3,1,4,5,2,4,4,1.0,2,70.2,2.0,2.0,3.6666666666666665,0.0,0.0,1.0,0.0,1.0,0.0,0.0,0.0,0.0,0.0,0.0,1
22,0,3,66.6,60.6,34.8,2,2,4,4,3,4,3,5,3,3,4,4,1.0,1,60.4,3.333333333333333,3.333333333333333,3.6666666666666665,1.0,0.0,1.0,0.0,0.0,0.0,0.0,1.0,0.0,0.0,0.0,0
27,0,4,86.1,66.8,34.7,3,6,5,5,3,5,6,4,5,4,1,3,2.0,4,76.9,5.333333333333333,4.666666666666667,4.333333333333333,1.0,0.0,0.0,0.0,0.0,0.0,0.0,0.0,0.0,0.0,1.0,0
24,0,3,60.0,60.2,24.9,3,3,5,6,4,4,3,5,4,5,2,3,5.0,1,83.7,4.666666666666667,3.6666666666666665,4.666666666666667,1.0,1.0,0.0,0.0,0.0,1.0,0.0,0.0,1.0,0.0,0.0,0
21,0,1,70.1,95.7,68.5,4,6,4,5,5,5,3,6,5,4,3,3,3.0,3,60.7,5.0,4.333333333333333,5.0,1.0,1.0,0.0,1.0,0.0,0.0,0.0,0.0,1.0,0.0,1.0,0
28,0,2,100.0,100.0,29.3,5,6,6,7,7,6,7,6,4,7,1,2,5.0,5,87.6,6.333333333333333,6.666666666666667,5.666666666666667,1.0,0.0,0.0,0.0,0.0,0.0,1.0,0.0,0.0,0.0,0.0,0
23,0,4,63.9,46.4,53.1,2,4,3,2,3,2,3,1,3,3,5,5,3.0,2,61.0,3.0,2.6666666666666665,2.333333333333333,1.0,0.0,0.0,1.0,0.0,0.0,0.0,0.0,1.0,0.0,0.0,1
27,2,4,68.5,59.0,44.7,2,2,3,3,3,4,3,4,3,3,4,4,3.0,2,51.8,2.6666666666666665,3.333333333333333,3.333333333333333,1.0,0.0,0.0,0.0,0.0,0.0,0.0,0.0,0.0,0.0,0.0,1
29,0,2,66.0,65.6,60.5,3,2,4,3,4,3,5,4,3,4,4,3,2.0,4,65.8,3.0,4.0,3.6666666666666665,0.0,0.0,0.0,1.0,0.0,0.0,0.0,0.0,0.0,0.0,0.0,0
27,1,2,51.7,53.6,52.6,2,1,2,2,3,1,2,3,3,2,5,3,1.0,1,63.6,1.6666666666666667,2.0,2.6666666666666665,0.0,1.0,0.0,0.0,0.0,0.0,1.0,0.0,0.0,0.0,0.0,1
22,1,2,81.8,82.1,42.0,2,5,4,4,5,4,3,6,6,4,1,3,4.0,3,85.3,4.333333333333333,4.0,5.333333333333333,1.0,1.0,0.0,0.0,0.0,0.0,0.0,1.0,0.0,1.0,1.0,0
29,3,5,98.0,93.8,35.5,5,7,7,7,7,6,7,7,6,6,1,4,5.0,5,97.6,7.0,6.666666666666667,6.333333333333333,0.0,1.0,0.0,0.0,0.0,1.0,0.0,0.0,1.0,0.0,0.0,0
21,0,2,62.2,56.3,28.2,2,4,5,3,4,4,3,5,3,4,3,4,3.0,3,65.9,4.0,3.6666666666666665,4.0,1.0,1.0,0.0,0.0,0.0,0.0,0.0,0.0,0.0,0.0,0.0,0
28,0,3,91.3,84.5,20.8,5,5,5,5,7,7,7,7,7,7,2,3,5.0,4,98.4,5.0,7.0,7.0,1.0,1.0,0.0,1.0,0.0,0.0,0.0,0.0,1.0,0.0,1.0,0
27,3,2,90.4,78.1,27.8,5,7,5,6,6,6,6,6,7,5,2,3,2.0,5,76.1,6.0,6.0,6.0,0.0,0.0,0.0,0.0,0.0,0.0,0.0,1.0,0.0,0.0,0.0,0
22,2,4,64.3,57.9,47.6,2,4,3,3,1,2,3,3,4,3,2,4,2.0,2,70.1,3.333333333333333,2.0,3.333333333333333,0.0,0.0,0.0,0.0,1.0,0.0,0.0,0.0,1.0,0.0,0.0,0
26,3,5,51.0,58.5,44.7,2,2,2,2,3,2,2,5,4,2,4,4,2.0,2,34.3,2.0,2.333333333333333,3.6666666666666665,0.0,1.0,0.0,0.0,0.0,1.0,0.0,0.0,1.0,0.0,1.0,1
23,0,4,93.2,54.1,44.7,3,4,2,3,4,2,5,4,4,5,3,3,2.0,3,70.6,3.0,3.6666666666666665,4.333333333333333,1.0,0.0,0.0,0.0,1.0,0.0,0.0,0.0,0.0,0.0,0.0,1
28,0,5,66.8,73.3,54.0,3,4,2,5,3,5,3,4,4,5,3,5,3.0,3,57.9,3.6666666666666665,3.6666666666666665,4.333333333333333,0.0,0.0,0.0,1.0,0.0,0.0,0.0,0.0,1.0,0.0,0.0,0
21,2,3,60.4,63.2,46.6,3,3,3,4,1,6,2,4,3,5,4,3,3.0,2,79.1,3.333333333333333,3.0,4.0,0.0,1.0,0.0,0.0,1.0,0.0,0.0,0.0,0.0,0.0,0.0,0
27,3,1,95.8,91.7,50.5,4,7,7,6,7,7,6,5,6,6,1,2,3.0,4,81.7,6.666666666666667,6.666666666666667,5.666666666666667,1.0,0.0,0.0,0.0,0.0,0.0,1.0,0.0,0.0,0.0,0.0,0
21,0,2,81.0,51.1,35.8,4,6,4,4,5,5,4,1,3,5,2,2,3.0,3,70.2,4.666666666666667,4.666666666666667,3.0,0.0,0.0,0.0,0.0,0.0,1.0,0.0,0.0,0.0,0.0,1.0,0
21,1,4,61.1,73.8,39.5,4,5,4,3,5,3,6,5,4,3,2,4,4.0,3,73.6,4.0,4.666666666666667,4.0,0.0,0.0,0.0,0.0,0.0,0.0,0.0,1.0,0.0,0.0,0.0,0
25,2,2,82.3,81.8,41.3,4,2,5,7,5,6,3,4,4,6,2,1,3.0,4,72.4,4.666666666666667,4.666666666666667,4.666666666666667,0.0,0.0,0.0,0.0,1.0,0.0,0.0,0.0,0.0,0.0,0.0,0
22,3,4,75.3,71.0,39.8,3,5,3,4,5,2,3,6,4,5,3,2,4.0,3,81.4,4.0,3.333333333333333,5.0,0.0,0.0,0.0,0.0,0.0,1.0,0.0,0.0,1.0,0.0,0.0,0
21,0,3,90.2,100.0,40.5,5,4,5,5,7,6,5,5,6,6,1,3,2.0,4,69.1,4.666666666666667,6.0,5.666666666666667,0.0,0.0,0.0,1.0,0.0,0.0,0.0,0.0,0.0,0.0,0.0,0
28,2,5,60.4,30.9,45.6,3,5,3,3,4,3,5,5,4,3,4,4,3.0,2,51.9,3.6666666666666665,4.0,4.0,0.0,0.0,0.0,0.0,0.0,0.0,0.0,1.0,0.0,0.0,0.0,1
25,1,5,75.6,64.1,53.3,4,4,5,3,5,6,5,6,3,5,2,3,3.0,3,58.3,4.0,5.333333333333333,4.666666666666667,1.0,1.0,0.0,0.0,0.0,1.0,0.0,0.0,1.0,0.0,0.0,0
28,1,3,95.0,71.4,30.8,4,5,4,7,6,4,5,5,3,5,1,1,3.0,3,79.2,5.333333333333333,5.0,4.333333333333333,1.0,0.0,0.0,1.0,0.0,0.0,0.0,0.0,0.0,1.0,0.0,0
26,2,3,50.7,38.1,55.8,2,1,3,3,3,4,1,1,3,3,3,5,2.0,2,58.1,2.333333333333333,2.6666666666666665,2.333333333333333,1.0,0.0,0.0,0.0,1.0,0.0,0.0,0.0,1.0,1.0,1.0,1
25,3,5,82.1,71.6,44.6,3,5,4,4,3,4,4,4,3,3,3,3,2.0,2,68.7,4.333333333333333,3.6666666666666665,3.333333333333333,0.0,0.0,0.0,0.0,0.0,0.0,0.0,1.0,0.0,1.0,0.0,0
22,1,3,69.9,64.7,45.8,4,4,4,3,3,3,6,5,3,7,3,3,4.0,4,86.5,3.6666666666666665,4.0,5.0,0.0,0.0,0.0,0.0,0.0,0.0,0.0,0.0,0.0,0.0,1.0,0
21,1,3,81.3,89.8,46.6,5,6,6,6,5,4,5,5,5,5,2,3,4.0,3,70.3,6.0,4.666666666666667,5.0,1.0,0.0,0.0,0.0,0.0,0.0,1.0,0.0,0.0,0.0,0.0,0
28,0,3,51.9,77.2,51.2,5,3,4,3,4,5,6,4,5,4,3,2,2.0,4,76.2,3.333333333333333,5.0,4.333333333333333,1.0,1.0,0.0,1.0,0.0,0.0,0.0,0.0,0.0,0.0,0.0,0
21,0,1,63.6,31.5,50.0,1,2,3,3,4,2,3,2,5,4,5,2,2.0,1,67.3,2.6666666666666665,3.0,3.6666666666666665,0.0,0.0,0.0,0.0,1.0,0.0,0.0,0.0,0.0,0.0,1.0,0
25,3,3,75.8,73.7,66.1,4,7,5,4,5,5,7,4,4,4,2,3,3.0,5,83.9,5.333333333333333,5.666666666666667,4.0,1.0,0.0,0.0,0.0,0.0,0.0,0.0,1.0,0.0,1.0,0.0,0
27,1,2,69.2,55.7,45.4,3,2,2,4,4,5,3,4,3,3,3,5,2.0,2,54.1,2.6666666666666665,4.0,3.333333333333333,1.0,0.0,0.0,0.0,0.0,0.0,0.0,0.0,0.0,0.0,0.0,1
28,1,4,78.2,69.4,35.5,4,5,4,6,5,6,3,5,7,5,3,3,3.0,3,86.8,5.0,4.666666666666667,5.666666666666667,0.0,0.0,0.0,0.0,0.0,0.0,0.0,1.0,1.0,0.0,0.0,0
29,2,3,74.8,66.7,36.3,4,2,4,5,4,3,5,5,5,1,3,1,2.0,3,62.3,3.6666666666666665,4.0,3.6666666666666665,0.0,0.0,0.0,0.0,0.0,0.0,0.0,0.0,1.0,0.0,0.0,1
24,1,3,54.6,34.9,54.6,3,3,2,2,2,4,3,1,2,2,5,3,1.0,2,61.0,2.333333333333333,3.0,1.6666666666666667,0.0,0.0,0.0,0.0,1.0,0.0,0.0,0.0,0.0,0.0,0.0,1
27,0,3,66.8,57.1,61.6,2,5,4,4,3,3,4,3,3,4,2,3,3.0,3,50.1,4.333333333333333,3.333333333333333,3.333333333333333,0.0,0.0,0.0,1.0,0.0,0.0,0.0,0.0,0.0,0.0,0.0,0
26,1,1,58.0,50.4,46.1,3,4,3,4,2,4,2,2,3,4,2,3,4.0,3,67.7,3.6666666666666665,2.6666666666666665,3.0,1.0,0.0,0.0,0.0,0.0,0.0,1.0,0.0,0.0,0.0,0.0,0
21,2,4,81.0,58.3,63.3,3,4,6,2,5,5,2,6,5,5,3,3,2.0,3,64.8,4.0,4.0,5.333333333333333,0.0,0.0,0.0,1.0,0.0,0.0,0.0,0.0,0.0,0.0,1.0,0
24,1,2,74.9,65.7,41.7,3,4,5,5,3,5,4,6,5,4,2,3,4.0,3,63.9,4.666666666666667,4.0,5.0,0.0,0.0,0.0,0.0,0.0,0.0,0.0,0.0,1.0,0.0,0.0,1
22,0,5,78.5,69.0,33.2,4,6,5,5,5,5,4,5,5,5,3,3,3.0,4,56.6,5.333333333333333,4.666666666666667,5.0,0.0,0.0,0.0,0.0,0.0,0.0,1.0,0.0,0.0,0.0,0.0,0
22,3,5,69.6,50.8,40.8,3,7,5,5,3,6,3,4,3,4,2,5,4.0,5,61.6,5.666666666666667,4.0,3.6666666666666665,0.0,0.0,0.0,0.0,0.0,0.0,0.0,1.0,0.0,1.0,0.0,0
23,0,1,56.6,56.3,50.2,3,5,5,4,3,3,4,4,3,3,4,3,3.0,3,70.2,4.666666666666667,3.333333333333333,3.333333333333333,0.0,0.0,0.0,0.0,0.0,0.0,0.0,0.0,1.0,0.0,0.0,0
21,2,5,71.9,65.4,34.9,2,3,3,4,2,5,3,3,3,4,3,3,3.0,3,80.9,3.333333333333333,3.333333333333333,3.333333333333333,0.0,1.0,0.0,0.0,0.0,1.0,0.0,0.0,0.0,0.0,0.0,1
25,1,5,56.7,52.4,42.0,2,4,3,5,3,5,5,5,2,3,3,2,4.0,3,69.4,4.0,4.333333333333333,3.333333333333333,1.0,0.0,0.0,0.0,0.0,0.0,1.0,0.0,0.0,0.0,1.0,1
23,3,1,79.6,61.3,36.6,1,2,3,3,3,4,3,3,3,2,3,3,4.0,2,75.1,2.6666666666666665,3.333333333333333,2.6666666666666665,1.0,1.0,0.0,0.0,0.0,0.0,0.0,1.0,0.0,0.0,0.0,0
25,3,5,69.6,78.4,57.4,3,4,5,4,4,3,5,4,3,4,2,3,3.0,3,69.9,4.333333333333333,4.0,3.6666666666666665,0.0,0.0,0.0,0.0,0.0,0.0,0.0,0.0,0.0,0.0,0.0,0
28,2,5,55.6,72.3,75.9,3,3,2,3,3,2,1,3,2,2,5,4,2.0,2,51.1,2.6666666666666665,2.0,2.333333333333333,1.0,1.0,0.0,0.0,0.0,1.0,0.0,0.0,0.0,0.0,0.0,1
24,0,3,64.6,78.3,39.3,3,2,4,5,5,6,6,4,5,4,3,3,3.0,3,67.1,3.6666666666666665,5.666666666666667,4.333333333333333,1.0,0.0,0.0,1.0,0.0,0.0,0.0,0.0,0.0,0.0,0.0,0
28,0,3,74.8,79.1,35.0,3,4,4,3,4,6,4,4,4,6,1,2,3.0,4,81.4,3.6666666666666665,4.666666666666667,4.666666666666667,1.0,0.0,0.0,0.0,0.0,0.0,0.0,0.0,1.0,0.0,0.0,1
22,3,2,80.5,67.3,50.3,3,4,5,3,4,3,2,4,3,5,3,2,3.0,2,79.1,4.0,3.0,4.0,0.0,1.0,0.0,0.0,0.0,1.0,0.0,0.0,1.0,0.0,1.0,0
22,3,1,76.3,55.9,32.2,3,5,3,3,4,5,4,6,4,4,3,5,3.0,2,61.8,3.6666666666666665,4.333333333333333,4.666666666666667,0.0,0.0,0.0,0.0,0.0,1.0,0.0,0.0,0.0,0.0,0.0,0
26,0,1,81.3,50.9,41.5,2,5,2,5,5,5,4,6,6,3,3,4,4.0,3,75.3,4.0,4.666666666666667,5.0,0.0,0.0,1.0,0.0,0.0,0.0,0.0,1.0,0.0,1.0,1.0,1
21,1,5,70.7,66.5,56.4,3,5,2,3,4,2,4,5,3,4,2,2,3.0,1,68.9,3.333333333333333,3.333333333333333,4.0,0.0,0.0,0.0,1.0,0.0,0.0,0.0,0.0,1.0,1.0,0.0,0
29,1,3,64.9,57.7,51.1,2,3,2,4,5,5,3,1,1,3,3,4,2.0,2,71.6,3.0,4.333333333333333,1.6666666666666667,0.0,0.0,1.0,0.0,1.0,0.0,0.0,0.0,0.0,0.0,1.0,0
24,1,2,72.1,61.1,40.5,3,3,2,4,5,3,3,6,3,4,4,4,3.0,2,67.4,3.0,3.6666666666666665,4.333333333333333,1.0,0.0,0.0,1.0,0.0,0.0,0.0,0.0,1.0,0.0,0.0,0
25,0,4,62.1,68.0,66.0,3,4,4,3,2,5,3,3,4,4,4,3,3.0,3,57.5,3.6666666666666665,3.333333333333333,3.6666666666666665,0.0,0.0,0.0,0.0,0.0,0.0,0.0,0.0,0.0,0.0,1.0,0
26,2,5,71.1,67.9,39.0,3,4,5,5,4,6,5,4,4,4,3,3,4.0,4,77.5,4.666666666666667,5.0,4.0,1.0,1.0,0.0,0.0,0.0,0.0,0.0,0.0,0.0,1.0,1.0,0
29,2,3,86.3,67.1,38.1,4,6,5,7,5,6,7,5,4,5,1,3,4.0,5,96.1,6.0,6.0,4.666666666666667,0.0,0.0,0.0,0.0,0.0,1.0,0.0,0.0,1.0,1.0,0.0,0
28,2,2,66.3,52.2,45.1,2,5,4,3,3,3,5,5,2,4,2,4,2.0,3,80.7,4.0,3.6666666666666665,3.6666666666666665,1.0,1.0,0.0,0.0,1.0,0.0,0.0,0.0,1.0,1.0,0.0,0
24,2,2,63.6,61.3,44.7,2,3,4,5,4,4,4,5,5,3,5,4,2.0,2,73.6,4.0,4.0,4.333333333333333,1.0,0.0,0.0,0.0,1.0,0.0,0.0,0.0,0.0,0.0,1.0,0
22,2,4,63.9,45.0,44.7,3,3,4,4,4,4,4,4,3,4,4,2,3.0,4,68.4,3.6666666666666665,4.0,3.6666666666666665,1.0,0.0,0.0,0.0,0.0,0.0,0.0,0.0,0.0,0.0,0.0,1
26,0,2,76.6,82.5,36.6,3,4,4,5,6,6,5,5,4,5,1,1,3.0,3,84.8,4.333333333333333,5.666666666666667,4.666666666666667,0.0,1.0,0.0,0.0,1.0,0.0,0.0,0.0,1.0,0.0,0.0,0
26,2,4,85.6,87.6,66.0,4,6,7,4,7,7,5,5,5,4,2,2,4.0,4,81.3,5.666666666666667,6.333333333333333,4.666666666666667,1.0,0.0,0.0,0.0,1.0,0.0,0.0,0.0,1.0,0.0,1.0,0
23,2,2,60.2,34.0,55.2,3,3,6,3,3,4,3,3,2,2,3,3,3.0,2,67.3,4.0,3.333333333333333,2.333333333333333,1.0,1.0,0.0,0.0,1.0,0.0,0.0,0.0,0.0,0.0,0.0,0
27,1,1,71.4,74.6,44.5,2,5,3,3,3,4,4,4,3,5,3,4,3.0,2,67.7,3.6666666666666665,3.6666666666666665,4.0,1.0,0.0,0.0,0.0,0.0,1.0,0.0,0.0,1.0,0.0,0.0,1
24,1,1,78.6,67.2,39.7,3,4,4,5,5,4,6,3,6,5,3,3,4.0,4,74.7,4.333333333333333,5.0,4.666666666666667,1.0,0.0,0.0,0.0,0.0,1.0,0.0,0.0,1.0,0.0,0.0,0
21,0,5,56.7,37.6,68.2,1,2,3,2,1,1,3,2,1,3,4,3,1.0,2,53.8,2.333333333333333,1.6666666666666667,2.0,0.0,0.0,0.0,0.0,0.0,0.0,1.0,0.0,1.0,0.0,0.0,1
23,2,4,62.3,56.4,35.5,3,3,4,5,5,2,4,3,5,5,3,2,3.0,4,81.2,4.0,3.6666666666666665,4.333333333333333,0.0,0.0,0.0,0.0,0.0,1.0,0.0,0.0,0.0,1.0,0.0,0
23,2,5,72.4,73.1,43.6,2,3,4,3,3,5,2,4,5,2,2,4,2.0,2,80.1,3.333333333333333,3.333333333333333,3.6666666666666665,1.0,1.0,0.0,0.0,1.0,0.0,0.0,0.0,1.0,0.0,0.0,0
29,0,5,78.9,42.4,44.7,3,4,4,4,4,5,3,4,5,4,3,1,2.0,3,82.0,4.0,4.0,4.333333333333333,0.0,0.0,0.0,0.0,0.0,0.0,1.0,0.0,0.0,0.0,0.0,0
28,3,3,67.9,77.8,30.8,3,5,4,7,7,5,4,5,7,5,3,3,4.0,4,78.8,5.333333333333333,5.333333333333333,5.666666666666667,0.0,1.0,0.0,0.0,0.0,0.0,0.0,1.0,0.0,0.0,0.0,0
27,2,4,81.2,77.5,44.4,5,4,4,3,7,4,4,5,7,5,2,2,5.0,4,74.6,3.6666666666666665,5.0,5.666666666666667,0.0,0.0,0.0,0.0,0.0,0.0,0.0,1.0,0.0,1.0,0.0,0
25,0,3,65.8,53.9,39.9,3,3,4,5,5,5,4,5,6,5,1,3,3.0,2,62.8,4.0,4.666666666666667,5.333333333333333,0.0,0.0,0.0,0.0,1.0,0.0,0.0,0.0,0.0,0.0,1.0,0
22,1,1,66.93363447826997,53.34070728019223,60.86282912076891,2,2,3,2,3,3,4,4,4,3,4,2,2.0,2,49.88141456038445,3.2915822767259217,4.260268984270363,3.6666666666666665,1.0,0.9686867075444414,0.0,0.0,0.0,0.0,0.03131329245555858,0.9686867075444414,0.9686867075444414,0.0,0.0,1
23,2,5,70.4681158831885,66.1580562971355,37.6795397561635,2,5,3,3,2,4,3,3,3,4,3,2,3.0,2,78.2889171987555,4.175618107928331,3.6140949248649994,3.8948565163966657,0.8422847745949985,0.1577152254050015,0.0,0.0,0.0,0.1577152254050015,0.8422847745949985,0.0,0.0,0.0,0.0,1
23,1,3,77.15783637365394,61.244483680076506,42.476106399836056,3,6,4,4,4,3,3,4,4,3,3,4,3.0,4,69.97512293331512,4.966502755579844,4.082923555616276,4.0669944888403124,0.5502458666302343,0.44975413336976566,0.0,0.0,0.0,0.44975413336976566,0.0,0.5502458666302343,0.44975413336976566,0.5502458666302343,0.0,1
26,2,3,67.92254084960653,71.39600422119402,69.90655773438257,2,4,3,4,3,3,4,3,3,3,3,2,2.6048497639981854,2,71.28401688477605,4.209699527996371,3.5967668240012096,3.465050078667271,1.0,0.0,0.0,0.0,0.0,0.3951502360018144,0.0,0.0,0.0,0.0,0.0,1
24,1,1,55.071943833715316,54.40197893764324,65.21059333846168,2,1,1,1,2,1,2,3,4,2,4,4,2.073341134206206,2,52.055296669230835,1.9266588657937942,1.975552955264598,3.5933255324604607,0.9266588657937942,0.0733411342062058,0.0,0.0,0.0733411342062058,0.0,0.9266588657937942,0.0,0.0733411342062058,0.0,0.0733411342062058,1
25,1,3,83.63636802486147,62.26363599792821,41.636368024861476,3,5,4,4,6,4,4,4,3,3,3,4,3.0,4,68.17272317679596,4.787877325046175,4.8181813305709476,3.4242426680478593,0.2727280041435791,0.7272719958564209,0.0,0.0,0.0,0.7272719958564209,0.2727280041435791,0.0,1.0,0.0,0.0,1
27,0,5,67.4203776935825,61.50621284237194,34.36938369247767,3,3,3,3,3,4,3,3,4,3,4,3,2.3265407688058355,2,54.85308153761167,3.4353876917411137,3.6598741021391685,3.6666666666666665,0.0,0.0,0.0,0.0,0.0,0.0,0.3265407688058354,0.6734592311941646,0.0,0.0,0.0,1
23,2,1,64.77595771773517,54.130934461427046,37.9408879488108,2,4,2,3,3,3,2,3,2,4,2,3,3.140887948810799,1,57.445023256308126,3.2863706837297335,3.382593375991001,3.1431853418648665,0.5704439744053994,0.0,0.0,0.0,0.0,0.0,0.5704439744053994,0.0,0.0,0.0,1.0,1
23,1,1,61.206239157697865,53.97708453803357,63.408338152134284,2,2,2,2,2,2,3,4,4,3,4,3,2.0,2,51.15416907606714,2.6388876532989016,3.118053393273078,3.6666666666666665,1.0,0.47916573997417633,0.0,0.0,0.0,0.0,0.5208342600258237,0.47916573997417633,0.47916573997417633,0.0,0.0,1
24,0,4,66.9776559513013,63.6446162465991,59.42908505633884,2,3,3,3,3,4,3,4,4,3,2,3,3.0,2,59.99714178992492,3.3203906747831162,3.385103967534201,4.307448016232899,1.0,0.03882797565065088,0.9611720243493491,0.0,0.0,0.0,0.9611720243493491,0.03882797565065088,0.03882797565065088,0.9611720243493491,0.9611720243493491,1
23,1,1,74.52477524010915,76.12016092762067,48.047042164448236,3,4,3,3,5,5,4,3,3,5,3,3,1.3109323026436972,2,71.24704216444825,3.6666666666666665,5.074223081130252,4.0,0.1554661513218486,0.8445338486781514,0.0,0.0,0.0,0.1554661513218486,0.0,0.8445338486781514,0.1554661513218486,0.8445338486781514,0.0,1
22,0,3,66.89464022027477,58.53215867835143,36.117764297370925,2,4,4,3,3,5,4,2,3,4,2,3,2.2526798898626192,2,58.068300275343454,3.835119926575079,4.333333333333333,3.4175599632875393,0.0,0.0,0.0,0.0,0.0,0.0,0.25267988986261913,0.0,0.0,0.0,0.7473201101373809,1
25,0,2,57.90319954421161,43.647570124815694,46.031753705911264,2,2,2,4,2,2,1,2,3,3,3,4,2.5396921323890798,2,62.98572291915017,3.0529228431854394,1.899486887315133,3.2804104901478937,1.0,0.0,0.0,0.0,1.0,0.0,0.0,0.0,0.46030786761092024,0.46030786761092024,0.46030786761092024,1
26,0,3,76.60599067468921,51.66277651536301,45.13785722711586,2,3,2,4,4,3,3,4,5,3,3,4,2.8264976686723036,2,69.08043764396321,3.608832556224101,3.884331779114869,4.217665112448202,0.0,0.0,0.4132488343361518,0.0,0.0,0.0,0.0,0.4132488343361518,0.0,0.4132488343361518,0.4132488343361518,1
28,2,3,69.04169363128304,63.500759608934,39.16525530726414,2,6,4,5,5,4,4,4,4,5,2,2,3.0,2,75.77296385474531,5.298588640597471,4.95367374301885,4.965255307264138,0.034744692735862004,0.965255307264138,0.0,0.965255307264138,0.0,0.0,0.034744692735862004,0.0,0.0,0.0,0.0,1
23,1,2,45.3093349456209,41.08684382405848,48.54250959259739,1,1,2,2,1,1,1,1,3,1,4,5,2.0,1,44.36743356597807,1.9403675810200178,1.2023447492288948,2.142712330248913,0.3929657523133153,0.3929657523133153,0.0,0.6070342476866847,0.0,0.0,0.0,0.0,0.3929657523133153,0.0,1.0,1
25,0,2,72.10960441707826,67.11680261752787,42.98399263820289,2,2,3,3,3,2,4,4,4,1,3,4,2.7240008179774566,2,67.0480016359549,2.94266584868921,3.2413336059924855,3.333333333333333,0.7240008179774566,0.0,0.0,0.0,0.0,0.0,1.0,0.0,0.0,0.0,0.0,1
21,1,3,84.82254356957245,65.48888205171123,46.41496751178265,3,4,4,5,2,3,4,4,5,4,3,4,4.0,3,65.6593162357398,4.901242164765306,3.5308490038027216,4.765424501901361,0.7037264942959176,0.0,0.0,0.0,0.7037264942959176,0.0,0.0,0.0,1.0,0.0,0.7037264942959176,1
28,0,3,77.5207258767173,80.573665304685,45.52801436843941,4,4,4,5,6,6,4,5,4,5,1,2,2.6694661218739952,3,65.47255543078512,4.77964408124933,5.6115776869789995,4.834733060936998,0.8347330609369975,0.1652669390630025,0.0,0.0,0.0,0.0,0.0,0.1652669390630025,0.0,0.1652669390630025,0.0,1
28,2,5,72.66090898314702,68.46559990516937,43.613999762923434,2,4,3,3,3,3,6,4,4,4,3,2,3.984363593258806,2,77.20938184404471,3.6770909378274625,4.651030259925473,4.328121197752935,0.01563640674119393,0.0,0.0,0.9843635932588061,0.0,0.0,0.01563640674119393,0.0,0.9843635932588061,0.9843635932588061,0.0,1
26,0,1,54.46598519293631,40.04209658391134,47.72315791654707,2,1,1,1,1,2,3,3,2,2,4,4,2.729795557880891,3,41.56658547861357,1.1411338269021232,2.19219950643121,2.4354646923915073,0.4234014807063696,0.0,0.0,0.5765985192936304,0.0,0.0,0.0,0.4234014807063696,1.0,0.0,1.0,1
21,0,1,44.3056682508916,39.9,56.50109953813433,1,2,2,1,2,3,2,4,3,2,4,3,1.6051184818244302,2,58.47732699643362,2.0700789878829533,2.7367456545496203,3.1316271727251896,0.6051184818244303,0.0,0.0,0.0,0.0,0.0,0.0,0.6051184818244303,0.6051184818244303,0.0,0.3948815181755697,1
26,0,2,71.64023226207706,71.82060557882522,53.23790964130649,4,4,3,4,4,5,5,5,2,4,3,2,3.2934881747180382,3,82.7107922371993,4.137674550187974,5.137674550187975,4.097829391572679,0.0,0.0,0.0,0.2934881747180381,0.0,0.0,0.7065118252819619,0.0,1.0,1.0,0.7065118252819619,1
23,0,1,72.47465631911285,52.82675166315866,55.425376939610054,2,3,2,2,3,1,3,2,3,2,3,4,2.0140798227150842,2,50.9168625285352,2.6760532151433893,2.361492978763502,3.314560236379887,0.014079822715084456,0.9859201772849155,0.014079822715084456,0.0,0.0,0.9859201772849155,0.014079822715084456,0.0,0.0,0.0,0.9859201772849155,1
25,2,3,50.62046303836448,37.881273355502316,54.606945575467165,2,1,3,3,2,3,1,1,3,2,3,5,2.0,1,55.674122670116574,2.333333333333333,2.4015434612149265,2.399614134696268,0.8011575959111948,0.0,0.0,0.19884240408880516,0.8011575959111948,0.0,0.0,0.0,0.8011575959111948,0.8011575959111948,1.0,1
23,0,4,53.32370575120432,61.500016941661904,60.2092643780108,2,2,2,4,2,3,2,2,2,3,4,4,2.7113419527486498,2,55.4587703968192,2.7113419527486498,2.7113419527486498,2.7182107296684666,0.28865804725135,0.0,0.0,0.71134195274865,0.0,0.0,0.28865804725135,0.0,0.0,0.0,0.0,1
27,1,2,69.05312287837185,56.392420716247024,45.25312287837184,2,2,2,3,3,4,3,4,3,3,3,4,2.2098244594687944,2,53.61740374322177,2.6666666666666665,3.8601170270208036,3.333333333333333,1.0,0.0,0.0,0.0,0.0,0.0,0.0,0.0,0.0,0.0,0.0,1
23,1,4,50.07516385120797,61.344699810857584,56.16622388903645,1,2,1,3,2,3,2,2,2,2,4,4,2.2119199495620228,1,59.06424015131393,2.6059599747810114,2.7373066498540073,2.4646800084063294,0.3940400252189886,0.0,0.0,0.6059599747810114,0.0,0.3940400252189886,0.0,0.0,0.0,0.0,0.0,1
26,0,1,56.51473982429733,46.84219472891991,45.334683162648055,1,1,2,4,1,1,1,4,4,3,4,4,2.147398242973302,2,63.008523938257895,2.4561652024777514,1.2456637382888367,3.9508672523422326,1.0,0.0,0.0,0.0,0.926300878513349,0.0,0.07369912148665103,0.0,0.926300878513349,0.926300878513349,1.0,1
25,1,1,49.25827675919689,43.18523174226847,52.99027742495953,2,1,1,1,1,1,2,2,2,2,3,5,1.3489229744980555,2,44.46763054389572,1.6822563078313886,1.767384683667963,2.015589641164722,0.6510770255019445,0.0,0.0,0.34892297449805554,0.0,0.0,0.0,0.6510770255019445,0.6510770255019445,0.0,1.0,1
24,1,5,67.74928628038204,64.45983870217512,49.31291128619632,3,4,4,3,2,1,4,4,3,3,2,3,2.0,2,65.37889515641382,3.6950134414854063,2.97165322518126,3.361680108152073,0.08504032445621923,0.0,0.0,0.0,0.0,0.0,1.0,0.0,0.0,0.0,0.0,1
27,0,4,69.82447919983771,44.18469523546059,43.79510416003246,2,3,2,4,3,4,3,4,4,3,3,3,1.449884266630602,3,73.85493441775733,3.4333076148068002,3.5332818962802675,3.8666152296136005,0.8500385777897993,0.0,0.1499614222102007,0.0,0.0,0.0,0.0,0.1499614222102007,0.8500385777897993,0.1499614222102007,1.0,1
23,0,5,65.10219730344718,62.23142824724067,53.85153697775538,2,3,3,4,2,3,3,4,4,3,2,3,2.5505493258617964,2,61.513516820173145,3.6329671160921353,3.033699550574531,4.033699550574531,1.0,0.0,0.5505493258617966,0.0,0.0,0.0,1.0,0.0,0.0,0.5505493258617966,0.5505493258617966,1
21,1,2,67.30458988350959,55.54770505824521,37.45832980378383,3,3,4,2,3,4,4,3,3,3,2,2,2.0954101164904113,2,58.34698256898548,3.6348632945031962,4.206119844679451,3.333333333333333,0.09541011649041131,0.09541011649041131,0.0,0.0,0.09541011649041131,0.0,0.0,0.0,0.0,0.0,1.0,1
23,1,3,63.65650982286197,68.75380881642675,33.35530054192665,2,3,3,2,3,2,4,2,4,4,3,2,3.0,2,73.64740046450856,3.0749698377298658,3.456939417399422,3.5805455014655108,0.37081825219826636,0.6291817478017336,0.0,0.0,0.0,0.0,0.37081825219826636,0.0,0.0,0.0,0.0,1
28,0,2,81.58875432039605,83.04078909330308,31.555949027701516,3,4,4,3,4,6,4,4,4,5,1,2,3.3311587473363926,4,81.03572537792996,4.439370410451583,5.218597912227321,4.99782541400306,1.0,0.0,0.0,0.0,0.0,0.0,0.0,0.0,1.0,0.3311587473363927,0.0,1
26,1,2,76.69531084669023,52.46703882169125,54.967262114706,2,3,3,2,3,3,3,3,3,3,3,4,1.3340776433825035,3,57.12626238786621,3.110614904411664,3.2212298088233284,3.111359214460834,0.6659223566174967,0.33407764338250334,0.0,0.0,0.0,0.33407764338250334,0.0,0.0,0.0,0.0,0.33407764338250334,1
24,1,5,68.97653420335531,66.68003017654445,55.467052299467184,2,3,3,3,3,1,4,3,3,3,3,4,2.0,2,64.65998491172776,3.3941985251384845,3.408702212292273,3.469567404097424,0.4087022122922729,0.0,0.0,0.0,0.0,0.4087022122922729,0.5912977877077271,0.0,0.0,0.0,0.0,1
22,0,5,56.7,37.874721792990066,64.02422874655103,1,2,3,2,1,1,2,2,1,2,4,2,1.2747217929900643,2,51.71211437327551,2.6080551263233973,1.8498145286600427,2.183147861993376,0.27472179299006416,0.0,0.27472179299006416,0.27472179299006416,0.0,0.0,0.7252782070099358,0.0,0.7252782070099358,0.0,0.0,1
21,0,1,44.59597896271264,31.16874417436925,62.855026296609196,1,1,1,3,1,2,2,2,2,2,4,3,1.0,1,59.81699662181753,1.9591710494348658,2.040828950565134,2.309567993644636,0.43875657415229885,0.43875657415229885,0.0,0.0,0.0,0.43875657415229885,0.0,0.0,0.43875657415229885,0.43875657415229885,0.5612434258477011,1
26,2,4,59.11243931094888,43.003659059668585,54.684878248916675,1,1,3,3,1,2,2,3,3,2,4,2,2.0,2,46.429756124852275,2.8227641669949466,2.2056910417487368,2.9219512498358595,1.0,0.0,0.6170731252462102,0.6170731252462102,0.0,0.0,0.38292687475378984,0.0,0.0,0.0,0.0,1
28,1,2,60.140447189192614,57.82263032368871,37.3179650766284,3,3,3,5,4,4,3,5,3,3,3,3,2.971712095389104,3,55.754739352622565,4.295616127185472,4.305045428722437,4.314474730259402,0.9717120953891037,0.9717120953891037,0.0,0.9717120953891037,0.0,0.0,0.0,0.028287904610896253,0.9717120953891037,0.0,0.9717120953891037,1
24,1,4,57.7878204652842,51.28196229956902,42.40793267448157,2,3,3,4,3,4,4,4,2,3,3,2,3.848913824266084,3,69.24891382426608,3.949637941422028,4.282971274755361,3.383695391911305,1.0,0.0,0.0,0.0,0.0,0.0,0.8489138242660839,0.0,0.0,0.0,0.8489138242660839,1
25,2,4,69.09822627619354,70.31829258015593,66.77139659681721,2,3,2,4,4,3,4,3,3,4,3,3,2.2782704788351267,2,66.97317032062367,3.5565409576702534,3.814486347443249,3.573909840388291,1.0,0.0,0.0,0.0,0.0,0.7217295211648732,0.0,0.0,0.0,0.0,0.0,1
27,1,4,67.92803016050209,57.98643920865272,36.6710612616904,3,3,3,2,3,3,3,3,4,3,4,2,2.235984919748956,2,54.388787935799165,3.0786616399163185,3.2546716934170146,3.588005026750348,0.23598491974895575,0.23598491974895575,0.0,0.0,0.23598491974895575,0.0,0.0,0.7640150802510443,0.0,0.0,0.23598491974895575,1
26,2,4,56.214563974627175,70.68676956660366,74.31237639887979,3,3,2,2,3,2,2,3,2,3,4,4,2.256068322761324,2,54.01917887947909,2.8373788818408823,2.597492753109756,2.760113871268873,0.743931677238676,0.743931677238676,0.0,0.25606832276132396,0.0,0.743931677238676,0.0,0.0,0.25606832276132396,0.25606832276132396,0.25606832276132396,1
26,1,3,73.57061251347702,65.28924643341502,39.36873710221533,2,3,5,4,2,4,5,2,3,3,3,2,2.9595664104615684,2,81.51400548812322,4.34681119651281,3.720578119384575,2.747533845743529,0.04043358953843135,0.04043358953843135,0.0,0.0,0.0,0.0,0.0,0.0,0.9595664104615687,0.0,1.0,1
24,2,2,57.30559093524589,67.82282379497954,71.49389008394812,3,3,3,2,3,2,4,3,2,4,4,4,2.7106628896857874,2,59.20155694241798,3.1404419264571914,3.6582134092668372,3.5177714828096454,0.2893371103142126,0.2893371103142126,0.0,0.7106628896857874,0.0,0.2893371103142126,0.0,0.0,0.7106628896857874,0.7106628896857874,0.7106628896857874,1
27,2,1,63.131879417358086,49.900396522538706,53.38831613411077,2,3,4,4,3,3,3,4,5,1,3,2,2.8891091791881687,1,77.63505159766771,3.9260727861254456,3.333333333333333,3.7036302736039435,1.0,0.11089082081183133,0.0,0.11089082081183133,0.8891091791881687,0.0,0.0,0.0,0.0,0.0,0.8891091791881687,1
22,0,3,62.354028516791935,48.043175474814745,30.015971672575816,2,4,4,3,3,3,4,2,3,2,2,2,1.4393365018657702,2,57.578673003731545,3.6666666666666665,3.585782002487693,2.7726698351991033,0.0,0.5606634981342299,0.0,0.0,0.0,0.5606634981342299,0.0,0.0,0.5606634981342299,0.5606634981342299,1.0,1
25,2,1,62.702578803503094,49.07123206808948,51.40555870038267,2,3,4,4,3,4,3,4,4,1,3,2,3.0,1,76.46263605641249,3.9327602658882013,3.4678128015569305,3.6666666666666665,1.0,0.0,0.0,0.0,0.7982807976646038,0.0,0.0,0.0,0.0,0.0,0.7982807976646038,1
24,0,2,74.47558579634243,67.41627613577171,40.44788179783676,2,2,3,3,3,3,4,4,4,1,3,4,3.0,3,67.8188964490856,2.9446304115372817,3.5070606738774677,3.333333333333333,0.8957635956735194,0.10423640432648063,0.0,0.0,0.0,0.10423640432648063,0.8957635956735194,0.0,0.10423640432648063,0.0,0.0,1
27,1,5,70.41453622750161,47.37340605327543,45.86379578113739,2,3,3,4,3,3,3,3,4,3,3,3,1.4753702231821118,2,69.3692050136792,3.333333333333333,3.333333333333333,3.6666666666666665,0.5246297768178882,0.0,0.0,0.0,0.0,0.0,0.0,0.0,0.5246297768178882,0.0,0.5246297768178882,1
26,2,5,71.29181107005904,67.26079374165195,40.60198435412989,2,5,3,3,3,3,5,4,4,4,3,2,3.4367244280236164,2,77.53796534318583,4.042183714650922,4.103391094690283,4.1455748093412055,0.5632755719763837,0.0,0.0,0.43672442802361633,0.0,0.0,0.5632755719763837,0.0,0.43672442802361633,0.43672442802361633,0.0,1
24,1,3,43.547758043213065,40.10865482592784,47.37945843945008,1,1,3,1,2,3,1,4,4,2,4,3,1.3044839135738724,2,67.97726743091073,2.1014946378579573,2.3044839135738724,3.4636773909507514,0.3044839135738725,0.0,0.6955160864261275,0.0,0.6955160864261275,0.0,0.0,0.3044839135738725,0.3044839135738725,0.0,0.0,1
28,1,4,72.51886910927236,69.34992187187584,43.8114651635247,2,4,3,3,3,3,6,4,3,5,3,3,3.860668545594124,2,75.87635118314418,3.6666666666666665,4.527335212260791,4.286889515198041,0.1393314544058757,0.0,0.0,0.8606685455941243,0.0,0.1393314544058757,0.0,0.0,1.0,0.8606685455941243,0.0,1
23,2,1,64.61968005532204,54.04939828973324,38.00883475855563,2,4,2,3,3,3,2,3,2,4,2,3,3.2088347585556347,1,57.3702817655888,3.263721747148122,3.325971034536971,3.1318608735740607,0.6044173792778172,0.0,0.0,0.0,0.0,0.0,0.6044173792778172,0.0,0.0,0.0,1.0,1
26,2,4,70.2,64.41334847433686,33.6904426947564,2,5,4,3,3,4,4,4,4,4,2,2,3.460158908698327,2,74.39482407563239,4.026560727534449,4.280211878264436,4.460158908698327,1.0,0.4601589086983269,0.0,0.0,0.0,0.0,1.0,0.0,0.0,0.0,0.4601589086983269,1
26,1,4,55.07551020212185,40.20418367540468,53.34520408204911,1,2,3,3,2,2,2,2,2,2,3,2,1.7969387752652306,2,45.69234693816308,2.9272108838637942,2.2656462584217434,2.463605441931897,1.0,0.0,0.7969387752652306,0.7969387752652306,0.0,0.0,0.0,0.2030612247347694,0.2030612247347694,0.0,0.2030612247347694,1
22,1,1,61.5028760760427,61.197186439192635,61.53718893980204,2,4,3,6,3,3,4,4,3,3,3,2,3.942853570557981,3,75.74571714355362,4.685715476480674,3.9619023803719875,3.9619023803719875,0.057146429442018976,0.0,0.0,0.0,0.0,0.0,0.0,0.942853570557981,0.942853570557981,0.0,0.0,1
27,1,4,68.44011345335115,58.76045381340459,38.591572241816934,3,2,3,3,3,4,3,4,3,3,4,3,2.401134533511464,2,53.23727711957249,2.866288488829512,3.333333333333333,3.5329551554961784,0.401134533511464,0.0,0.0,0.0,0.0,0.0,0.0,0.598865466488536,0.0,0.0,0.0,1
27,2,5,71.93696233259926,67.82852685268735,42.02131713171838,2,4,3,3,3,3,6,4,4,4,3,2,3.6947849330397045,2,77.38312904017617,3.87014337797353,4.361451599706371,4.231594977679901,0.30521506696029543,0.0,0.0,0.6947849330397046,0.0,0.0,0.30521506696029543,0.0,0.6947849330397046,0.6947849330397046,0.0,1
22,1,4,64.36617542784049,44.76093567803051,44.64023391950763,2,3,3,4,3,4,3,4,3,3,3,2,2.760935678030515,3,69.02156723712066,3.6268226130050856,3.9203118926768385,3.6666666666666665,1.0,0.0,0.0,0.0,0.0,0.0,0.0,0.0,0.11953216098474229,0.0,0.11953216098474229,1
24,1,4,77.53107194754234,86.01866967171118,47.644799256088135,3,4,5,4,2,4,4,3,4,4,2,2,2.6243540481337932,4,76.05335894970428,4.832472064178391,3.8747846827112644,3.9576873814671263,1.0,0.37564595186620675,0.0,0.37564595186620675,0.0,0.0,0.0,0.6243540481337932,0.37564595186620675,0.0,1.0,1
24,1,3,79.90100083055223,63.37559116326445,40.50257726592412,3,6,4,5,5,5,4,4,3,3,2,3,3.295633685837714,3,67.98532462214126,5.136244209441524,4.704366314162286,3.8260561430628566,0.0,0.704366314162286,0.0,0.0,0.0,0.704366314162286,0.0,0.0,1.0,0.0,0.0,1
22,0,1,46.25318622359265,41.16593111796325,60.614726404780754,1,1,1,2,1,2,2,3,3,2,4,3,1.2109885196605412,1,51.27802296067892,1.596337160113153,2.263003826779819,3.263003826779819,0.0,0.10549425983027061,0.0,0.0,0.10549425983027061,0.0,0.0,0.0,0.10549425983027061,0.0,1.0,1
23,1,2,73.97610876982095,62.765286680607716,43.22170320264785,3,5,4,4,3,3,3,5,5,4,2,3,3.4565345704829102,3,67.32383220595767,4.666666666666667,3.6376897136552735,4.818844856827637,0.5434654295170898,0.0,0.0,0.0,0.0,0.0,0.0,0.5434654295170898,0.45653457048291024,0.5434654295170898,0.0,1
27,2,1,63.5795783609709,48.54907289576048,51.155880108770184,2,3,3,4,3,4,3,4,4,1,3,3,2.563119125566333,1,77.42964185763752,3.8543730418554443,3.333333333333333,3.6666666666666665,1.0,0.0,0.0,0.0,0.7815595627831664,0.0,0.0,0.0,0.2184404372168336,0.0,1.0,1
27,1,3,68.79155696350925,57.62551717202779,44.99155696350926,2,2,2,3,3,4,3,4,3,3,3,4,2.583490052129634,2,52.75797288010184,2.6666666666666665,3.611006631913577,3.333333333333333,1.0,0.0,0.0,0.0,0.0,0.0,0.0,0.0,0.0,0.0,0.0,1
27,1,2,53.43753190967492,62.926178382053585,61.52144906156736,2,3,4,3,2,3,2,4,3,2,4,4,2.7665605178377364,3,81.41450640794548,3.627760086306289,3.138800431531447,3.2555201726125786,1.0,0.0,0.0,0.0,0.0,0.0,0.8832802589188683,0.1167197410811317,0.8832802589188683,0.0,0.0,1
22,0,5,54.897456661740605,64.52704151470368,55.62958485296308,2,1,2,4,2,4,2,2,2,2,4,5,3.0,2,54.36471584876203,2.783769985996484,2.783769985996484,2.549563347336849,0.32434502100527396,0.0,0.0,0.675654978994726,0.32434502100527396,0.0,0.0,0.0,0.32434502100527396,0.0,0.0,1
26,1,3,54.89357170555438,71.0982309780333,56.38201070350549,2,4,4,3,4,1,2,2,4,3,3,4,2.8779120452993268,3,58.07558240905987,4.4224907572653205,2.414725303133782,3.081391969800449,1.0,0.8779120452993266,0.0,0.0,0.8779120452993266,0.0,0.0,0.0,0.8779120452993266,1.0,0.8779120452993266,1
25,0,3,56.6287404323846,50.26221297153815,43.28267221707711,1,2,2,4,2,3,3,4,3,3,3,3,3.28740432384605,2,66.94154491726887,3.4061702698717085,3.14567387307675,3.5708652253846496,1.0,0.0,0.0,0.0,0.3562978380769749,0.0,0.6437021619230251,0.0,0.3562978380769749,0.3562978380769749,1.0,1
26,1,3,73.80248871429967,66.13235328589572,38.89936229864674,3,3,4,4,2,4,4,2,3,3,2,2,3.0,3,81.67204853246373,4.2712189610305025,3.7598382251209124,2.8530097835751587,0.09317155845424596,0.0,0.0,0.0,0.0,0.0,0.0,0.0,1.0,0.0,0.906828441545754,1
23,1,2,51.49769235701516,36.26066124692318,54.300654525676904,2,3,2,1,2,4,2,1,2,2,5,3,1.2721322493846352,2,61.51705127383081,2.333333333333333,3.0,2.0295096658461804,0.2721322493846353,0.0,0.0,0.0,0.7278677506153647,0.0,0.0,0.2721322493846353,0.2721322493846353,0.0,0.0,1
21,0,1,44.18646766248419,39.9,56.17755508388565,1,2,2,1,2,3,2,4,3,2,4,3,1.6476901205413623,2,58.954129350063255,2.098460080360908,2.765126747027575,3.1174366264862123,0.6476901205413623,0.0,0.0,0.0,0.0,0.0,0.0,0.6476901205413623,0.6476901205413623,0.0,0.3523098794586377,1
24,0,2,74.8993235099061,65.70119686708922,41.69937554760563,2,3,4,4,3,4,4,5,5,3,2,3,3.9994796230046843,3,63.90192539488267,4.6656259126760355,3.999653082003123,4.999132705007807,0.0005203769953158188,0.0,0.0,0.0,0.0,0.0,0.0005203769953158188,0.0,0.9994796230046842,0.0,0.0,1
26,1,3,71.8544676890299,53.433990997169595,46.889091630431416,3,2,2,4,4,3,3,3,4,3,3,4,2.0,2,60.96277012285781,3.0982874291105538,3.5683792375561123,3.5491437145552767,0.352568856334169,0.0,0.0,0.0,0.0,0.0,0.0,0.0,0.0,0.0,0.0,1
28,1,2,70.24282811276296,55.00478125815803,48.73704996084146,2,4,2,3,4,5,3,2,2,2,3,4,2.695218741841971,1,57.57609370920986,3.1301458278946472,4.23173958061399,2.406375010877372,1.0,0.0,0.695218741841971,0.0,0.0,0.0,0.695218741841971,0.0,0.0,0.0,0.0,1
24,1,2,63.70802016851465,50.62689873005741,57.94336431537171,1,1,2,3,1,2,3,4,3,3,4,3,2.0,2,47.29396755942882,2.2195411375239225,2.384196990666864,3.3882186177143137,1.0,0.16465585314294173,0.0,0.0,0.0,0.0,0.8353441468570583,0.16465585314294173,0.16465585314294173,0.0,0.0,1
27,1,3,68.77272846449965,57.248859316188785,39.57842532880768,3,2,2,3,3,4,3,4,3,3,4,3,2.0,2,54.15340894193755,2.8446964731251474,3.6439403870830387,3.511363139791814,0.46591058062455804,0.0,0.0,0.0,0.0,0.0,0.0,0.534089419375442,0.0,0.0,0.0,1
25,2,3,68.35461210310766,70.99993890548465,68.75436772504624,2,3,3,4,4,3,4,3,3,4,3,3,2.484829971358983,2,69.69975562193858,3.9696599427179664,3.676780019094011,3.505056676213672,1.0,0.0,0.0,0.0,0.0,0.5151700286410168,0.0,0.0,0.0,0.0,0.0,1
23,1,2,79.2366519362472,65.60773080986708,43.76067857963519,3,4,4,5,2,4,4,5,5,4,2,3,4.0,3,64.66890991777433,4.769187989036577,3.79495735526018,4.89747867763009,0.30756396710972966,0.0,0.0,0.0,0.30756396710972966,0.0,0.0,0.0,1.0,0.0,0.30756396710972966,1
27,1,4,68.47305876662016,58.892235066480595,41.95199419525508,2,2,3,3,3,4,3,4,3,3,4,3,2.7305876662014787,2,52.44658960111645,2.7564707779328406,3.333333333333333,3.423137444599507,0.7305876662014785,0.0,0.0,0.0,0.0,0.0,0.0,0.2694123337985215,0.0,0.0,0.0,1
23,1,4,78.17519331522848,57.639425940045996,45.380287029977005,3,3,4,3,2,4,3,4,2,3,3,4,3.7558744777522257,2,53.31174895550445,3.6744993036696343,3.0813751740825914,3.0813751740825914,1.0,0.7558744777522258,0.0,0.0,0.0,0.0,0.0,0.7558744777522258,0.7558744777522258,0.0,0.7558744777522258,1
26,2,3,67.54074105961429,58.00708285117971,43.70708285117971,2,2,2,3,3,3,2,3,2,3,3,4,3.1682910421729304,1,52.590967898212774,2.72276368072431,3.221139305218046,3.2772363192756897,1.0,0.0,0.0,0.0,0.0,0.0,0.16829104217293056,0.0,0.0,0.0,0.16829104217293056,1
25,2,1,62.13748293651231,52.37514788355993,54.78448449071264,2,3,3,5,3,3,3,4,4,1,3,3,3.21876421957307,1,77.88746018519541,4.145842813048714,3.4791761463820468,3.7395880731910234,0.7812357804269298,0.0,0.0,0.0,0.7812357804269298,0.0,0.0,0.21876421957307024,0.21876421957307024,0.0,0.7812357804269298,1
24,1,1,48.567430600605206,48.88624918910636,55.49541639636879,2,1,1,1,2,1,2,2,2,2,3,4,1.8837959959653177,2,45.46759199193064,1.186034000672447,1.8527006673391138,2.1085646646493252,0.5581020020173412,0.44189799798265883,0.0,0.0,0.44189799798265883,0.0,0.0,0.5581020020173412,1.0,0.0,1.0,1
26,0,2,70.91731468025937,74.69419383291475,50.65785402885974,3,4,4,4,4,5,5,5,2,4,3,2,2.5961638289419593,2,81.80969424864148,4.46794539035268,5.198721276313986,4.269224114038694,0.4038361710580408,0.4038361710580408,0.0,0.0,0.0,0.0,0.5961638289419592,0.0,0.5961638289419592,0.5961638289419592,1.0,1
21,1,1,43.75158410042635,40.78902378539305,53.44159697760192,2,2,2,1,3,3,2,3,3,2,5,3,1.9351077528910183,2,62.945424572976286,2.2900718352606786,2.9351077528910183,2.9783692509636728,0.9351077528910184,0.06489224710898156,0.0,0.0,0.0,0.0,0.06489224710898156,0.9351077528910184,0.9351077528910184,0.0,0.0,1
